pressure data:,,,,1 coordinate per line,,,,Additional pore pressure. Date is January 1st at 12:01 AM in 2019 
X_Easting_km, Y_Northing_km, additionalPressure_PSI,
2,2,2.325
2,2.3265,2.6303
2,2.6531,2.9635
2,2.9796,3.3252
2,3.3061,3.7154
2,3.6327,4.1337
2,3.9592,4.579
2,4.2857,5.0499
2,4.6122,5.5439
2,4.9388,6.0581
2,5.2653,6.5887
2,5.5918,7.1311
2,5.9184,7.6799
2,6.2449,8.229
2,6.5714,8.7717
2,6.898,9.3005
2,7.2245,9.8078
2,7.551,10.285
2,7.8776,10.725
2,8.2041,11.12
2,8.5306,11.461
2,8.8571,11.743
2,9.1837,11.96
2,9.5102,12.107
2,9.8367,12.182
2,10.163,12.182
2,10.49,12.107
2,10.816,11.96
2,11.143,11.743
2,11.469,11.461
2,11.796,11.12
2,12.122,10.725
2,12.449,10.285
2,12.776,9.8078
2,13.102,9.3005
2,13.429,8.7717
2,13.755,8.229
2,14.082,7.6799
2,14.408,7.1311
2,14.735,6.5887
2,15.061,6.0581
2,15.388,5.5439
2,15.714,5.0499
2,16.041,4.579
2,16.367,4.1337
2,16.694,3.7154
2,17.02,3.3252
2,17.347,2.9635
2,17.673,2.6303
2,18,2.325
2.3265,2,2.6303
2.3265,2.3265,2.979
2.3265,2.6531,3.3604
2.3265,2.9796,3.7751
2.3265,3.3061,4.2234
2.3265,3.6327,4.7048
2.3265,3.9592,5.2185
2.3265,4.2857,5.7627
2.3265,4.6122,6.3349
2.3265,4.9388,6.9318
2.3265,5.2653,7.5491
2.3265,5.5918,8.1816
2.3265,5.9184,8.823
2.3265,6.2449,9.4662
2.3265,6.5714,10.103
2.3265,6.898,10.725
2.3265,7.2245,11.323
2.3265,7.551,11.888
2.3265,7.8776,12.408
2.3265,8.2041,12.876
2.3265,8.5306,13.281
2.3265,8.8571,13.616
2.3265,9.1837,13.874
2.3265,9.5102,14.049
2.3265,9.8367,14.138
2.3265,10.163,14.138
2.3265,10.49,14.049
2.3265,10.816,13.874
2.3265,11.143,13.616
2.3265,11.469,13.281
2.3265,11.796,12.876
2.3265,12.122,12.408
2.3265,12.449,11.888
2.3265,12.776,11.323
2.3265,13.102,10.725
2.3265,13.429,10.103
2.3265,13.755,9.4662
2.3265,14.082,8.823
2.3265,14.408,8.1816
2.3265,14.735,7.5491
2.3265,15.061,6.9318
2.3265,15.388,6.3349
2.3265,15.714,5.7627
2.3265,16.041,5.2185
2.3265,16.367,4.7048
2.3265,16.694,4.2234
2.3265,17.02,3.7751
2.3265,17.347,3.3604
2.3265,17.673,2.979
2.3265,18,2.6303
2.6531,2,2.9635
2.6531,2.3265,3.3604
2.6531,2.6531,3.7952
2.6531,2.9796,4.269
2.6531,3.3061,4.7821
2.6531,3.6327,5.3343
2.6531,3.9592,5.9248
2.6531,4.2857,6.5517
2.6531,4.6122,7.2126
2.6531,4.9388,7.9035
2.6531,5.2653,8.6198
2.6531,5.5918,9.3554
2.6531,5.9184,10.103
2.6531,6.2449,10.855
2.6531,6.5714,11.601
2.6531,6.898,12.332
2.6531,7.2245,13.036
2.6531,7.551,13.701
2.6531,7.8776,14.317
2.6531,8.2041,14.87
2.6531,8.5306,15.351
2.6531,8.8571,15.749
2.6531,9.1837,16.056
2.6531,9.5102,16.264
2.6531,9.8367,16.37
2.6531,10.163,16.37
2.6531,10.49,16.264
2.6531,10.816,16.056
2.6531,11.143,15.749
2.6531,11.469,15.351
2.6531,11.796,14.87
2.6531,12.122,14.317
2.6531,12.449,13.701
2.6531,12.776,13.036
2.6531,13.102,12.332
2.6531,13.429,11.601
2.6531,13.755,10.855
2.6531,14.082,10.103
2.6531,14.408,9.3554
2.6531,14.735,8.6198
2.6531,15.061,7.9035
2.6531,15.388,7.2126
2.6531,15.714,6.5517
2.6531,16.041,5.9248
2.6531,16.367,5.3343
2.6531,16.694,4.7821
2.6531,17.02,4.269
2.6531,17.347,3.7952
2.6531,17.673,3.3604
2.6531,18,2.9635
2.9796,2,3.3252
2.9796,2.3265,3.7751
2.9796,2.6531,4.269
2.9796,2.9796,4.8081
2.9796,3.3061,5.3933
2.9796,3.6327,6.0245
2.9796,3.9592,6.7009
2.9796,4.2857,7.4209
2.9796,4.6122,8.1816
2.9796,4.9388,8.979
2.9796,5.2653,9.8078
2.9796,5.5918,10.661
2.9796,5.9184,11.531
2.9796,6.2449,12.408
2.9796,6.5714,13.281
2.9796,6.898,14.138
2.9796,7.2245,14.965
2.9796,7.551,15.749
2.9796,7.8776,16.476
2.9796,8.2041,17.131
2.9796,8.5306,17.701
2.9796,8.8571,18.174
2.9796,9.1837,18.539
2.9796,9.5102,18.787
2.9796,9.8367,18.912
2.9796,10.163,18.912
2.9796,10.49,18.787
2.9796,10.816,18.539
2.9796,11.143,18.174
2.9796,11.469,17.701
2.9796,11.796,17.131
2.9796,12.122,16.476
2.9796,12.449,15.749
2.9796,12.776,14.965
2.9796,13.102,14.138
2.9796,13.429,13.281
2.9796,13.755,12.408
2.9796,14.082,11.531
2.9796,14.408,10.661
2.9796,14.735,9.8078
2.9796,15.061,8.979
2.9796,15.388,8.1816
2.9796,15.714,7.4209
2.9796,16.041,6.7009
2.9796,16.367,6.0245
2.9796,16.694,5.3933
2.9796,17.02,4.8081
2.9796,17.347,4.269
2.9796,17.673,3.7751
2.9796,18,3.3252
3.3061,2,3.7154
3.3061,2.3265,4.2234
3.3061,2.6531,4.7821
3.3061,2.9796,5.3933
3.3061,3.3061,6.0581
3.3061,3.6327,6.7769
3.3061,3.9592,7.5491
3.3061,4.2857,8.3731
3.3061,4.6122,9.246
3.3061,4.9388,10.164
3.3061,5.2653,11.12
3.3061,5.5918,12.107
3.3061,5.9184,13.117
3.3061,6.2449,14.138
3.3061,6.5714,15.157
3.3061,6.898,16.16
3.3061,7.2245,17.131
3.3061,7.551,18.055
3.3061,7.8776,18.912
3.3061,8.2041,19.687
3.3061,8.5306,20.363
3.3061,8.8571,20.925
3.3061,9.1837,21.358
3.3061,9.5102,21.653
3.3061,9.8367,21.803
3.3061,10.163,21.803
3.3061,10.49,21.653
3.3061,10.816,21.358
3.3061,11.143,20.925
3.3061,11.469,20.363
3.3061,11.796,19.687
3.3061,12.122,18.912
3.3061,12.449,18.055
3.3061,12.776,17.131
3.3061,13.102,16.16
3.3061,13.429,15.157
3.3061,13.755,14.138
3.3061,14.082,13.117
3.3061,14.408,12.107
3.3061,14.735,11.12
3.3061,15.061,10.164
3.3061,15.388,9.246
3.3061,15.714,8.3731
3.3061,16.041,7.5491
3.3061,16.367,6.7769
3.3061,16.694,6.0581
3.3061,17.02,5.3933
3.3061,17.347,4.7821
3.3061,17.673,4.2234
3.3061,18,3.7154
3.6327,2,4.1337
3.6327,2.3265,4.7048
3.6327,2.6531,5.3343
3.6327,2.9796,6.0245
3.6327,3.3061,6.7769
3.6327,3.6327,7.5924
3.6327,3.9592,8.4708
3.6327,4.2857,9.4106
3.6327,4.6122,10.409
3.6327,4.9388,11.461
3.6327,5.2653,12.562
3.6327,5.5918,13.701
3.6327,5.9184,14.87
3.6327,6.2449,16.056
3.6327,6.5714,17.244
3.6327,6.898,18.416
3.6327,7.2245,19.556
3.6327,7.551,20.642
3.6327,7.8776,21.653
3.6327,8.2041,22.57
3.6327,8.5306,23.372
3.6327,8.8571,24.039
3.6327,9.1837,24.555
3.6327,9.5102,24.906
3.6327,9.8367,25.085
3.6327,10.163,25.085
3.6327,10.49,24.906
3.6327,10.816,24.555
3.6327,11.143,24.039
3.6327,11.469,23.372
3.6327,11.796,22.57
3.6327,12.122,21.653
3.6327,12.449,20.642
3.6327,12.776,19.556
3.6327,13.102,18.416
3.6327,13.429,17.244
3.6327,13.755,16.056
3.6327,14.082,14.87
3.6327,14.408,13.701
3.6327,14.735,12.562
3.6327,15.061,11.461
3.6327,15.388,10.409
3.6327,15.714,9.4106
3.6327,16.041,8.4708
3.6327,16.367,7.5924
3.6327,16.694,6.7769
3.6327,17.02,6.0245
3.6327,17.347,5.3343
3.6327,17.673,4.7048
3.6327,18,4.1337
3.9592,2,4.579
3.9592,2.3265,5.2185
3.9592,2.6531,5.9248
3.9592,2.9796,6.7009
3.9592,3.3061,7.5491
3.9592,3.6327,8.4708
3.9592,3.9592,9.4662
3.9592,4.2857,10.534
3.9592,4.6122,11.672
3.9592,4.9388,12.876
3.9592,5.2653,14.138
3.9592,5.5918,15.45
3.9592,5.9184,16.8
3.9592,6.2449,18.174
3.9592,6.5714,19.556
3.9592,6.898,20.925
3.9592,7.2245,22.259
3.9592,7.551,23.536
3.9592,7.8776,24.73
3.9592,8.2041,25.814
3.9592,8.5306,26.765
3.9592,8.8571,27.558
3.9592,9.1837,28.173
3.9592,9.5102,28.592
3.9592,9.8367,28.805
3.9592,10.163,28.805
3.9592,10.49,28.592
3.9592,10.816,28.173
3.9592,11.143,27.558
3.9592,11.469,26.765
3.9592,11.796,25.814
3.9592,12.122,24.73
3.9592,12.449,23.536
3.9592,12.776,22.259
3.9592,13.102,20.925
3.9592,13.429,19.556
3.9592,13.755,18.174
3.9592,14.082,16.8
3.9592,14.408,15.45
3.9592,14.735,14.138
3.9592,15.061,12.876
3.9592,15.388,11.672
3.9592,15.714,10.534
3.9592,16.041,9.4662
3.9592,16.367,8.4708
3.9592,16.694,7.5491
3.9592,17.02,6.7009
3.9592,17.347,5.9248
3.9592,17.673,5.2185
3.9592,18,4.579
4.2857,2,5.0499
4.2857,2.3265,5.7627
4.2857,2.6531,6.5517
4.2857,2.9796,7.4209
4.2857,3.3061,8.3731
4.2857,3.6327,9.4106
4.2857,3.9592,10.534
4.2857,4.2857,11.743
4.2857,4.6122,13.036
4.2857,4.9388,14.407
4.2857,5.2653,15.851
4.2857,5.5918,17.357
4.2857,5.9184,18.912
4.2857,6.2449,20.502
4.2857,6.5714,22.106
4.2857,6.898,23.702
4.2857,7.2245,25.265
4.2857,7.551,26.765
4.2857,7.8776,28.173
4.2857,8.2041,29.457
4.2857,8.5306,30.585
4.2857,8.8571,31.529
4.2857,9.1837,32.263
4.2857,9.5102,32.765
4.2857,9.8367,33.019
4.2857,10.163,33.019
4.2857,10.49,32.765
4.2857,10.816,32.263
4.2857,11.143,31.529
4.2857,11.469,30.585
4.2857,11.796,29.457
4.2857,12.122,28.173
4.2857,12.449,26.765
4.2857,12.776,25.265
4.2857,13.102,23.702
4.2857,13.429,22.106
4.2857,13.755,20.502
4.2857,14.082,18.912
4.2857,14.408,17.357
4.2857,14.735,15.851
4.2857,15.061,14.407
4.2857,15.388,13.036
4.2857,15.714,11.743
4.2857,16.041,10.534
4.2857,16.367,9.4106
4.2857,16.694,8.3731
4.2857,17.02,7.4209
4.2857,17.347,6.5517
4.2857,17.673,5.7627
4.2857,18,5.0499
4.6122,2,5.5439
4.6122,2.3265,6.3349
4.6122,2.6531,7.2126
4.6122,2.9796,8.1816
4.6122,3.3061,9.246
4.6122,3.6327,10.409
4.6122,3.9592,11.672
4.6122,4.2857,13.036
4.6122,4.6122,14.499
4.6122,4.9388,16.056
4.6122,5.2653,17.701
4.6122,5.5918,19.425
4.6122,5.9184,21.212
4.6122,6.2449,23.047
4.6122,6.5714,24.906
4.6122,6.898,26.765
4.6122,7.2245,28.592
4.6122,7.551,30.355
4.6122,7.8776,32.016
4.6122,8.2041,33.537
4.6122,8.5306,34.879
4.6122,8.8571,36.005
4.6122,9.1837,36.882
4.6122,9.5102,37.483
4.6122,9.8367,37.789
4.6122,10.163,37.789
4.6122,10.49,37.483
4.6122,10.816,36.882
4.6122,11.143,36.005
4.6122,11.469,34.879
4.6122,11.796,33.537
4.6122,12.122,32.016
4.6122,12.449,30.355
4.6122,12.776,28.592
4.6122,13.102,26.765
4.6122,13.429,24.906
4.6122,13.755,23.047
4.6122,14.082,21.212
4.6122,14.408,19.425
4.6122,14.735,17.701
4.6122,15.061,16.056
4.6122,15.388,14.499
4.6122,15.714,13.036
4.6122,16.041,11.672
4.6122,16.367,10.409
4.6122,16.694,9.246
4.6122,17.02,8.1816
4.6122,17.347,7.2126
4.6122,17.673,6.3349
4.6122,18,5.5439
4.9388,2,6.0581
4.9388,2.3265,6.9318
4.9388,2.6531,7.9035
4.9388,2.9796,8.979
4.9388,3.3061,10.164
4.9388,3.6327,11.461
4.9388,3.9592,12.876
4.9388,4.2857,14.407
4.9388,4.6122,16.056
4.9388,4.9388,17.818
4.9388,5.2653,19.687
4.9388,5.5918,21.653
4.9388,5.9184,23.702
4.9388,6.2449,25.814
4.9388,6.5714,27.966
4.9388,6.898,30.127
4.9388,7.2245,32.263
4.9388,7.551,34.333
4.9388,7.8776,36.294
4.9388,8.2041,38.098
4.9388,8.5306,39.696
4.9388,8.8571,41.042
4.9388,9.1837,42.094
4.9388,9.5102,42.816
4.9388,9.8367,43.184
4.9388,10.163,43.184
4.9388,10.49,42.816
4.9388,10.816,42.094
4.9388,11.143,41.042
4.9388,11.469,39.696
4.9388,11.796,38.098
4.9388,12.122,36.294
4.9388,12.449,34.333
4.9388,12.776,32.263
4.9388,13.102,30.127
4.9388,13.429,27.966
4.9388,13.755,25.814
4.9388,14.082,23.702
4.9388,14.408,21.653
4.9388,14.735,19.687
4.9388,15.061,17.818
4.9388,15.388,16.056
4.9388,15.714,14.407
4.9388,16.041,12.876
4.9388,16.367,11.461
4.9388,16.694,10.164
4.9388,17.02,8.979
4.9388,17.347,7.9035
4.9388,17.673,6.9318
4.9388,18,6.0581
5.2653,2,6.5887
5.2653,2.3265,7.5491
5.2653,2.6531,8.6198
5.2653,2.9796,9.8078
5.2653,3.3061,11.12
5.2653,3.6327,12.562
5.2653,3.9592,14.138
5.2653,4.2857,15.851
5.2653,4.6122,17.701
5.2653,4.9388,19.687
5.2653,5.2653,21.803
5.2653,5.5918,24.039
5.2653,5.9184,26.379
5.2653,6.2449,28.805
5.2653,6.5714,31.29
5.2653,6.898,33.8
5.2653,7.2245,36.294
5.2653,7.551,38.726
5.2653,7.8776,41.042
5.2653,8.2041,43.184
5.2653,8.5306,45.092
5.2653,8.8571,46.706
5.2653,9.1837,47.973
5.2653,9.5102,48.844
5.2653,9.8367,49.289
5.2653,10.163,49.289
5.2653,10.49,48.844
5.2653,10.816,47.973
5.2653,11.143,46.706
5.2653,11.469,45.092
5.2653,11.796,43.184
5.2653,12.122,41.042
5.2653,12.449,38.726
5.2653,12.776,36.294
5.2653,13.102,33.8
5.2653,13.429,31.29
5.2653,13.755,28.805
5.2653,14.082,26.379
5.2653,14.408,24.039
5.2653,14.735,21.803
5.2653,15.061,19.687
5.2653,15.388,17.701
5.2653,15.714,15.851
5.2653,16.041,14.138
5.2653,16.367,12.562
5.2653,16.694,11.12
5.2653,17.02,9.8078
5.2653,17.347,8.6198
5.2653,17.673,7.5491
5.2653,18,6.5887
5.5918,2,7.1311
5.5918,2.3265,8.1816
5.5918,2.6531,9.3554
5.5918,2.9796,10.661
5.5918,3.3061,12.107
5.5918,3.6327,13.701
5.5918,3.9592,15.45
5.5918,4.2857,17.357
5.5918,4.6122,19.425
5.5918,4.9388,21.653
5.5918,5.2653,24.039
5.5918,5.5918,26.571
5.5918,5.9184,29.237
5.5918,6.2449,32.016
5.5918,6.5714,34.879
5.5918,6.898,37.789
5.5918,7.2245,40.7
5.5918,7.551,43.556
5.5918,7.8776,46.295
5.5918,8.2041,48.844
5.5918,8.5306,51.129
5.5918,8.8571,53.072
5.5918,9.1837,54.602
5.5918,9.5102,55.66
5.5918,9.8367,56.201
5.5918,10.163,56.201
5.5918,10.49,55.66
5.5918,10.816,54.602
5.5918,11.143,53.072
5.5918,11.469,51.129
5.5918,11.796,48.844
5.5918,12.122,46.295
5.5918,12.449,43.556
5.5918,12.776,40.7
5.5918,13.102,37.789
5.5918,13.429,34.879
5.5918,13.755,32.016
5.5918,14.082,29.237
5.5918,14.408,26.571
5.5918,14.735,24.039
5.5918,15.061,21.653
5.5918,15.388,19.425
5.5918,15.714,17.357
5.5918,16.041,15.45
5.5918,16.367,13.701
5.5918,16.694,12.107
5.5918,17.02,10.661
5.5918,17.347,9.3554
5.5918,17.673,8.1816
5.5918,18,7.1311
5.9184,2,7.6799
5.9184,2.3265,8.823
5.9184,2.6531,10.103
5.9184,2.9796,11.531
5.9184,3.3061,13.117
5.9184,3.6327,14.87
5.9184,3.9592,16.8
5.9184,4.2857,18.912
5.9184,4.6122,21.212
5.9184,4.9388,23.702
5.9184,5.2653,26.379
5.9184,5.5918,29.237
5.9184,5.9184,32.263
5.9184,6.2449,35.436
5.9184,6.5714,38.726
5.9184,6.898,42.094
5.9184,7.2245,45.488
5.9184,7.551,48.844
5.9184,7.8776,52.087
5.9184,8.2041,55.128
5.9184,8.5306,57.872
5.9184,8.8571,60.221
5.9184,9.1837,62.083
5.9184,9.5102,63.374
5.9184,9.8367,64.036
5.9184,10.163,64.036
5.9184,10.49,63.374
5.9184,10.816,62.083
5.9184,11.143,60.221
5.9184,11.469,57.872
5.9184,11.796,55.128
5.9184,12.122,52.087
5.9184,12.449,48.844
5.9184,12.776,45.488
5.9184,13.102,42.094
5.9184,13.429,38.726
5.9184,13.755,35.436
5.9184,14.082,32.263
5.9184,14.408,29.237
5.9184,14.735,26.379
5.9184,15.061,23.702
5.9184,15.388,21.212
5.9184,15.714,18.912
5.9184,16.041,16.8
5.9184,16.367,14.87
5.9184,16.694,13.117
5.9184,17.02,11.531
5.9184,17.347,10.103
5.9184,17.673,8.823
5.9184,18,7.6799
6.2449,2,8.229
6.2449,2.3265,9.4662
6.2449,2.6531,10.855
6.2449,2.9796,12.408
6.2449,3.3061,14.138
6.2449,3.6327,16.056
6.2449,3.9592,18.174
6.2449,4.2857,20.502
6.2449,4.6122,23.047
6.2449,4.9388,25.814
6.2449,5.2653,28.805
6.2449,5.5918,32.016
6.2449,5.9184,35.436
6.2449,6.2449,39.046
6.2449,6.5714,42.816
6.2449,6.898,46.706
6.2449,7.2245,50.659
6.2449,7.551,54.602
6.2449,7.8776,58.446
6.2449,8.2041,62.083
6.2449,8.5306,65.393
6.2449,8.8571,68.251
6.2449,9.1837,70.53
6.2449,9.5102,72.12
6.2449,9.8367,72.937
6.2449,10.163,72.937
6.2449,10.49,72.12
6.2449,10.816,70.53
6.2449,11.143,68.251
6.2449,11.469,65.393
6.2449,11.796,62.083
6.2449,12.122,58.446
6.2449,12.449,54.602
6.2449,12.776,50.659
6.2449,13.102,46.706
6.2449,13.429,42.816
6.2449,13.755,39.046
6.2449,14.082,35.436
6.2449,14.408,32.016
6.2449,14.735,28.805
6.2449,15.061,25.814
6.2449,15.388,23.047
6.2449,15.714,20.502
6.2449,16.041,18.174
6.2449,16.367,16.056
6.2449,16.694,14.138
6.2449,17.02,12.408
6.2449,17.347,10.855
6.2449,17.673,9.4662
6.2449,18,8.229
6.5714,2,8.7717
6.5714,2.3265,10.103
6.5714,2.6531,11.601
6.5714,2.9796,13.281
6.5714,3.3061,15.157
6.5714,3.6327,17.244
6.5714,3.9592,19.556
6.5714,4.2857,22.106
6.5714,4.6122,24.906
6.5714,4.9388,27.966
6.5714,5.2653,31.29
6.5714,5.5918,34.879
6.5714,5.9184,38.726
6.5714,6.2449,42.816
6.5714,6.5714,47.123
6.5714,6.898,51.604
6.5714,7.2245,56.201
6.5714,7.551,60.832
6.5714,7.8776,65.393
6.5714,8.2041,69.756
6.5714,8.5306,73.77
6.5714,8.8571,77.268
6.5714,9.1837,80.082
6.5714,9.5102,82.059
6.5714,9.8367,83.079
6.5714,10.163,83.079
6.5714,10.49,82.059
6.5714,10.816,80.082
6.5714,11.143,77.268
6.5714,11.469,73.77
6.5714,11.796,69.756
6.5714,12.122,65.393
6.5714,12.449,60.832
6.5714,12.776,56.201
6.5714,13.102,51.604
6.5714,13.429,47.123
6.5714,13.755,42.816
6.5714,14.082,38.726
6.5714,14.408,34.879
6.5714,14.735,31.29
6.5714,15.061,27.966
6.5714,15.388,24.906
6.5714,15.714,22.106
6.5714,16.041,19.556
6.5714,16.367,17.244
6.5714,16.694,15.157
6.5714,17.02,13.281
6.5714,17.347,11.601
6.5714,17.673,10.103
6.5714,18,8.7717
6.898,2,9.3005
6.898,2.3265,10.725
6.898,2.6531,12.332
6.898,2.9796,14.138
6.898,3.3061,16.16
6.898,3.6327,18.416
6.898,3.9592,20.925
6.898,4.2857,23.702
6.898,4.6122,26.765
6.898,4.9388,30.127
6.898,5.2653,33.8
6.898,5.5918,37.789
6.898,5.9184,42.094
6.898,6.2449,46.706
6.898,6.5714,51.604
6.898,6.898,56.75
6.898,7.2245,62.083
6.898,7.551,67.518
6.898,7.8776,72.937
6.898,8.2041,78.187
6.898,8.5306,83.079
6.898,8.8571,87.397
6.898,9.1837,90.908
6.898,9.5102,93.396
6.898,9.8367,94.688
6.898,10.163,94.688
6.898,10.49,93.396
6.898,10.816,90.908
6.898,11.143,87.397
6.898,11.469,83.079
6.898,11.796,78.187
6.898,12.122,72.937
6.898,12.449,67.518
6.898,12.776,62.083
6.898,13.102,56.75
6.898,13.429,51.604
6.898,13.755,46.706
6.898,14.082,42.094
6.898,14.408,37.789
6.898,14.735,33.8
6.898,15.061,30.127
6.898,15.388,26.765
6.898,15.714,23.702
6.898,16.041,20.925
6.898,16.367,18.416
6.898,16.694,16.16
6.898,17.02,14.138
6.898,17.347,12.332
6.898,17.673,10.725
6.898,18,9.3005
7.2245,2,9.8078
7.2245,2.3265,11.323
7.2245,2.6531,13.036
7.2245,2.9796,14.965
7.2245,3.3061,17.131
7.2245,3.6327,19.556
7.2245,3.9592,22.259
7.2245,4.2857,25.265
7.2245,4.6122,28.592
7.2245,4.9388,32.263
7.2245,5.2653,36.294
7.2245,5.5918,40.7
7.2245,5.9184,45.488
7.2245,6.2449,50.659
7.2245,6.5714,56.201
7.2245,6.898,62.083
7.2245,7.2245,68.251
7.2245,7.551,74.619
7.2245,7.8776,81.06
7.2245,8.2041,87.397
7.2245,8.5306,93.396
7.2245,8.8571,98.774
7.2245,9.1837,103.21
7.2245,9.5102,106.39
7.2245,9.8367,108.06
7.2245,10.163,108.06
7.2245,10.49,106.39
7.2245,10.816,103.21
7.2245,11.143,98.774
7.2245,11.469,93.396
7.2245,11.796,87.397
7.2245,12.122,81.06
7.2245,12.449,74.619
7.2245,12.776,68.251
7.2245,13.102,62.083
7.2245,13.429,56.201
7.2245,13.755,50.659
7.2245,14.082,45.488
7.2245,14.408,40.7
7.2245,14.735,36.294
7.2245,15.061,32.263
7.2245,15.388,28.592
7.2245,15.714,25.265
7.2245,16.041,22.259
7.2245,16.367,19.556
7.2245,16.694,17.131
7.2245,17.02,14.965
7.2245,17.347,13.036
7.2245,17.673,11.323
7.2245,18,9.8078
7.551,2,10.285
7.551,2.3265,11.888
7.551,2.6531,13.701
7.551,2.9796,15.749
7.551,3.3061,18.055
7.551,3.6327,20.642
7.551,3.9592,23.536
7.551,4.2857,26.765
7.551,4.6122,30.355
7.551,4.9388,34.333
7.551,5.2653,38.726
7.551,5.5918,43.556
7.551,5.9184,48.844
7.551,6.2449,54.602
7.551,6.5714,60.832
7.551,6.898,67.518
7.551,7.2245,74.619
7.551,7.551,82.059
7.551,7.8776,89.71
7.551,8.2041,97.376
7.551,8.5306,104.78
7.551,8.8571,111.55
7.551,9.1837,117.24
7.551,9.5102,121.39
7.551,9.8367,123.58
7.551,10.163,123.58
7.551,10.49,121.39
7.551,10.816,117.24
7.551,11.143,111.55
7.551,11.469,104.78
7.551,11.796,97.376
7.551,12.122,89.71
7.551,12.449,82.059
7.551,12.776,74.619
7.551,13.102,67.518
7.551,13.429,60.832
7.551,13.755,54.602
7.551,14.082,48.844
7.551,14.408,43.556
7.551,14.735,38.726
7.551,15.061,34.333
7.551,15.388,30.355
7.551,15.714,26.765
7.551,16.041,23.536
7.551,16.367,20.642
7.551,16.694,18.055
7.551,17.02,15.749
7.551,17.347,13.701
7.551,17.673,11.888
7.551,18,10.285
7.8776,2,10.725
7.8776,2.3265,12.408
7.8776,2.6531,14.317
7.8776,2.9796,16.476
7.8776,3.3061,18.912
7.8776,3.6327,21.653
7.8776,3.9592,24.73
7.8776,4.2857,28.173
7.8776,4.6122,32.016
7.8776,4.9388,36.294
7.8776,5.2653,41.042
7.8776,5.5918,46.295
7.8776,5.9184,52.087
7.8776,6.2449,58.446
7.8776,6.5714,65.393
7.8776,6.898,72.937
7.8776,7.2245,81.06
7.8776,7.551,89.71
7.8776,7.8776,98.774
7.8776,8.2041,108.06
7.8776,8.5306,117.24
7.8776,8.8571,125.86
7.8776,9.1837,133.31
7.8776,9.5102,138.85
7.8776,9.8367,141.83
7.8776,10.163,141.83
7.8776,10.49,138.85
7.8776,10.816,133.31
7.8776,11.143,125.86
7.8776,11.469,117.24
7.8776,11.796,108.06
7.8776,12.122,98.774
7.8776,12.449,89.71
7.8776,12.776,81.06
7.8776,13.102,72.937
7.8776,13.429,65.393
7.8776,13.755,58.446
7.8776,14.082,52.087
7.8776,14.408,46.295
7.8776,14.735,41.042
7.8776,15.061,36.294
7.8776,15.388,32.016
7.8776,15.714,28.173
7.8776,16.041,24.73
7.8776,16.367,21.653
7.8776,16.694,18.912
7.8776,17.02,16.476
7.8776,17.347,14.317
7.8776,17.673,12.408
7.8776,18,10.725
8.2041,2,11.12
8.2041,2.3265,12.876
8.2041,2.6531,14.87
8.2041,2.9796,17.131
8.2041,3.3061,19.687
8.2041,3.6327,22.57
8.2041,3.9592,25.814
8.2041,4.2857,29.457
8.2041,4.6122,33.537
8.2041,4.9388,38.098
8.2041,5.2653,43.184
8.2041,5.5918,48.844
8.2041,5.9184,55.128
8.2041,6.2449,62.083
8.2041,6.5714,69.756
8.2041,6.898,78.187
8.2041,7.2245,87.397
8.2041,7.551,97.376
8.2041,7.8776,108.06
8.2041,8.2041,119.28
8.2041,8.5306,130.72
8.2041,8.8571,141.83
8.2041,9.1837,151.76
8.2041,9.5102,159.41
8.2041,9.8367,163.62
8.2041,10.163,163.62
8.2041,10.49,159.41
8.2041,10.816,151.76
8.2041,11.143,141.83
8.2041,11.469,130.72
8.2041,11.796,119.28
8.2041,12.122,108.06
8.2041,12.449,97.376
8.2041,12.776,87.397
8.2041,13.102,78.187
8.2041,13.429,69.756
8.2041,13.755,62.083
8.2041,14.082,55.128
8.2041,14.408,48.844
8.2041,14.735,43.184
8.2041,15.061,38.098
8.2041,15.388,33.537
8.2041,15.714,29.457
8.2041,16.041,25.814
8.2041,16.367,22.57
8.2041,16.694,19.687
8.2041,17.02,17.131
8.2041,17.347,14.87
8.2041,17.673,12.876
8.2041,18,11.12
8.5306,2,11.461
8.5306,2.3265,13.281
8.5306,2.6531,15.351
8.5306,2.9796,17.701
8.5306,3.3061,20.363
8.5306,3.6327,23.372
8.5306,3.9592,26.765
8.5306,4.2857,30.585
8.5306,4.6122,34.879
8.5306,4.9388,39.696
8.5306,5.2653,45.092
8.5306,5.5918,51.129
8.5306,5.9184,57.872
8.5306,6.2449,65.393
8.5306,6.5714,73.77
8.5306,6.898,83.079
8.5306,7.2245,93.396
8.5306,7.551,104.78
8.5306,7.8776,117.24
8.5306,8.2041,130.72
8.5306,8.5306,144.96
8.5306,8.8571,159.41
8.5306,9.1837,172.99
8.5306,9.5102,183.98
8.5306,9.8367,190.27
8.5306,10.163,190.27
8.5306,10.49,183.98
8.5306,10.816,172.99
8.5306,11.143,159.41
8.5306,11.469,144.96
8.5306,11.796,130.72
8.5306,12.122,117.24
8.5306,12.449,104.78
8.5306,12.776,93.396
8.5306,13.102,83.079
8.5306,13.429,73.77
8.5306,13.755,65.393
8.5306,14.082,57.872
8.5306,14.408,51.129
8.5306,14.735,45.092
8.5306,15.061,39.696
8.5306,15.388,34.879
8.5306,15.714,30.585
8.5306,16.041,26.765
8.5306,16.367,23.372
8.5306,16.694,20.363
8.5306,17.02,17.701
8.5306,17.347,15.351
8.5306,17.673,13.281
8.5306,18,11.461
8.8571,2,11.743
8.8571,2.3265,13.616
8.8571,2.6531,15.749
8.8571,2.9796,18.174
8.8571,3.3061,20.925
8.8571,3.6327,24.039
8.8571,3.9592,27.558
8.8571,4.2857,31.529
8.8571,4.6122,36.005
8.8571,4.9388,41.042
8.8571,5.2653,46.706
8.8571,5.5918,53.072
8.8571,5.9184,60.221
8.8571,6.2449,68.251
8.8571,6.5714,77.268
8.8571,6.898,87.397
8.8571,7.2245,98.774
8.8571,7.551,111.55
8.8571,7.8776,125.86
8.8571,8.2041,141.83
8.8571,8.5306,159.41
8.8571,8.8571,178.25
8.8571,9.1837,197.23
8.8571,9.5102,213.84
8.8571,9.8367,224.02
8.8571,10.163,224.02
8.8571,10.49,213.84
8.8571,10.816,197.23
8.8571,11.143,178.25
8.8571,11.469,159.41
8.8571,11.796,141.83
8.8571,12.122,125.86
8.8571,12.449,111.55
8.8571,12.776,98.774
8.8571,13.102,87.397
8.8571,13.429,77.268
8.8571,13.755,68.251
8.8571,14.082,60.221
8.8571,14.408,53.072
8.8571,14.735,46.706
8.8571,15.061,41.042
8.8571,15.388,36.005
8.8571,15.714,31.529
8.8571,16.041,27.558
8.8571,16.367,24.039
8.8571,16.694,20.925
8.8571,17.02,18.174
8.8571,17.347,15.749
8.8571,17.673,13.616
8.8571,18,11.743
9.1837,2,11.96
9.1837,2.3265,13.874
9.1837,2.6531,16.056
9.1837,2.9796,18.539
9.1837,3.3061,21.358
9.1837,3.6327,24.555
9.1837,3.9592,28.173
9.1837,4.2857,32.263
9.1837,4.6122,36.882
9.1837,4.9388,42.094
9.1837,5.2653,47.973
9.1837,5.5918,54.602
9.1837,5.9184,62.083
9.1837,6.2449,70.53
9.1837,6.5714,80.082
9.1837,6.898,90.908
9.1837,7.2245,103.21
9.1837,7.551,117.24
9.1837,7.8776,133.31
9.1837,8.2041,151.76
9.1837,8.5306,172.99
9.1837,8.8571,197.23
9.1837,9.1837,224.02
9.1837,9.5102,250.63
9.1837,9.8367,269.24
9.1837,10.163,269.24
9.1837,10.49,250.63
9.1837,10.816,224.02
9.1837,11.143,197.23
9.1837,11.469,172.99
9.1837,11.796,151.76
9.1837,12.122,133.31
9.1837,12.449,117.24
9.1837,12.776,103.21
9.1837,13.102,90.908
9.1837,13.429,80.082
9.1837,13.755,70.53
9.1837,14.082,62.083
9.1837,14.408,54.602
9.1837,14.735,47.973
9.1837,15.061,42.094
9.1837,15.388,36.882
9.1837,15.714,32.263
9.1837,16.041,28.173
9.1837,16.367,24.555
9.1837,16.694,21.358
9.1837,17.02,18.539
9.1837,17.347,16.056
9.1837,17.673,13.874
9.1837,18,11.96
9.5102,2,12.107
9.5102,2.3265,14.049
9.5102,2.6531,16.264
9.5102,2.9796,18.787
9.5102,3.3061,21.653
9.5102,3.6327,24.906
9.5102,3.9592,28.592
9.5102,4.2857,32.765
9.5102,4.6122,37.483
9.5102,4.9388,42.816
9.5102,5.2653,48.844
9.5102,5.5918,55.66
9.5102,5.9184,63.374
9.5102,6.2449,72.12
9.5102,6.5714,82.059
9.5102,6.898,93.396
9.5102,7.2245,106.39
9.5102,7.551,121.39
9.5102,7.8776,138.85
9.5102,8.2041,159.41
9.5102,8.5306,183.98
9.5102,8.8571,213.84
9.5102,9.1837,250.63
9.5102,9.5102,294.84
9.5102,9.8367,335.94
9.5102,10.163,335.94
9.5102,10.49,294.84
9.5102,10.816,250.63
9.5102,11.143,213.84
9.5102,11.469,183.98
9.5102,11.796,159.41
9.5102,12.122,138.85
9.5102,12.449,121.39
9.5102,12.776,106.39
9.5102,13.102,93.396
9.5102,13.429,82.059
9.5102,13.755,72.12
9.5102,14.082,63.374
9.5102,14.408,55.66
9.5102,14.735,48.844
9.5102,15.061,42.816
9.5102,15.388,37.483
9.5102,15.714,32.765
9.5102,16.041,28.592
9.5102,16.367,24.906
9.5102,16.694,21.653
9.5102,17.02,18.787
9.5102,17.347,16.264
9.5102,17.673,14.049
9.5102,18,12.107
9.8367,2,12.182
9.8367,2.3265,14.138
9.8367,2.6531,16.37
9.8367,2.9796,18.912
9.8367,3.3061,21.803
9.8367,3.6327,25.085
9.8367,3.9592,28.805
9.8367,4.2857,33.019
9.8367,4.6122,37.789
9.8367,4.9388,43.184
9.8367,5.2653,49.289
9.8367,5.5918,56.201
9.8367,5.9184,64.036
9.8367,6.2449,72.937
9.8367,6.5714,83.079
9.8367,6.898,94.688
9.8367,7.2245,108.06
9.8367,7.551,123.58
9.8367,7.8776,141.83
9.8367,8.2041,163.62
9.8367,8.5306,190.27
9.8367,8.8571,224.02
9.8367,9.1837,269.24
9.8367,9.5102,335.94
9.8367,9.8367,448.92
9.8367,10.163,448.92
9.8367,10.49,335.94
9.8367,10.816,269.24
9.8367,11.143,224.02
9.8367,11.469,190.27
9.8367,11.796,163.62
9.8367,12.122,141.83
9.8367,12.449,123.58
9.8367,12.776,108.06
9.8367,13.102,94.688
9.8367,13.429,83.079
9.8367,13.755,72.937
9.8367,14.082,64.036
9.8367,14.408,56.201
9.8367,14.735,49.289
9.8367,15.061,43.184
9.8367,15.388,37.789
9.8367,15.714,33.019
9.8367,16.041,28.805
9.8367,16.367,25.085
9.8367,16.694,21.803
9.8367,17.02,18.912
9.8367,17.347,16.37
9.8367,17.673,14.138
9.8367,18,12.182
10.163,2,12.182
10.163,2.3265,14.138
10.163,2.6531,16.37
10.163,2.9796,18.912
10.163,3.3061,21.803
10.163,3.6327,25.085
10.163,3.9592,28.805
10.163,4.2857,33.019
10.163,4.6122,37.789
10.163,4.9388,43.184
10.163,5.2653,49.289
10.163,5.5918,56.201
10.163,5.9184,64.036
10.163,6.2449,72.937
10.163,6.5714,83.079
10.163,6.898,94.688
10.163,7.2245,108.06
10.163,7.551,123.58
10.163,7.8776,141.83
10.163,8.2041,163.62
10.163,8.5306,190.27
10.163,8.8571,224.02
10.163,9.1837,269.24
10.163,9.5102,335.94
10.163,9.8367,448.92
10.163,10.163,448.92
10.163,10.49,335.94
10.163,10.816,269.24
10.163,11.143,224.02
10.163,11.469,190.27
10.163,11.796,163.62
10.163,12.122,141.83
10.163,12.449,123.58
10.163,12.776,108.06
10.163,13.102,94.688
10.163,13.429,83.079
10.163,13.755,72.937
10.163,14.082,64.036
10.163,14.408,56.201
10.163,14.735,49.289
10.163,15.061,43.184
10.163,15.388,37.789
10.163,15.714,33.019
10.163,16.041,28.805
10.163,16.367,25.085
10.163,16.694,21.803
10.163,17.02,18.912
10.163,17.347,16.37
10.163,17.673,14.138
10.163,18,12.182
10.49,2,12.107
10.49,2.3265,14.049
10.49,2.6531,16.264
10.49,2.9796,18.787
10.49,3.3061,21.653
10.49,3.6327,24.906
10.49,3.9592,28.592
10.49,4.2857,32.765
10.49,4.6122,37.483
10.49,4.9388,42.816
10.49,5.2653,48.844
10.49,5.5918,55.66
10.49,5.9184,63.374
10.49,6.2449,72.12
10.49,6.5714,82.059
10.49,6.898,93.396
10.49,7.2245,106.39
10.49,7.551,121.39
10.49,7.8776,138.85
10.49,8.2041,159.41
10.49,8.5306,183.98
10.49,8.8571,213.84
10.49,9.1837,250.63
10.49,9.5102,294.84
10.49,9.8367,335.94
10.49,10.163,335.94
10.49,10.49,294.84
10.49,10.816,250.63
10.49,11.143,213.84
10.49,11.469,183.98
10.49,11.796,159.41
10.49,12.122,138.85
10.49,12.449,121.39
10.49,12.776,106.39
10.49,13.102,93.396
10.49,13.429,82.059
10.49,13.755,72.12
10.49,14.082,63.374
10.49,14.408,55.66
10.49,14.735,48.844
10.49,15.061,42.816
10.49,15.388,37.483
10.49,15.714,32.765
10.49,16.041,28.592
10.49,16.367,24.906
10.49,16.694,21.653
10.49,17.02,18.787
10.49,17.347,16.264
10.49,17.673,14.049
10.49,18,12.107
10.816,2,11.96
10.816,2.3265,13.874
10.816,2.6531,16.056
10.816,2.9796,18.539
10.816,3.3061,21.358
10.816,3.6327,24.555
10.816,3.9592,28.173
10.816,4.2857,32.263
10.816,4.6122,36.882
10.816,4.9388,42.094
10.816,5.2653,47.973
10.816,5.5918,54.602
10.816,5.9184,62.083
10.816,6.2449,70.53
10.816,6.5714,80.082
10.816,6.898,90.908
10.816,7.2245,103.21
10.816,7.551,117.24
10.816,7.8776,133.31
10.816,8.2041,151.76
10.816,8.5306,172.99
10.816,8.8571,197.23
10.816,9.1837,224.02
10.816,9.5102,250.63
10.816,9.8367,269.24
10.816,10.163,269.24
10.816,10.49,250.63
10.816,10.816,224.02
10.816,11.143,197.23
10.816,11.469,172.99
10.816,11.796,151.76
10.816,12.122,133.31
10.816,12.449,117.24
10.816,12.776,103.21
10.816,13.102,90.908
10.816,13.429,80.082
10.816,13.755,70.53
10.816,14.082,62.083
10.816,14.408,54.602
10.816,14.735,47.973
10.816,15.061,42.094
10.816,15.388,36.882
10.816,15.714,32.263
10.816,16.041,28.173
10.816,16.367,24.555
10.816,16.694,21.358
10.816,17.02,18.539
10.816,17.347,16.056
10.816,17.673,13.874
10.816,18,11.96
11.143,2,11.743
11.143,2.3265,13.616
11.143,2.6531,15.749
11.143,2.9796,18.174
11.143,3.3061,20.925
11.143,3.6327,24.039
11.143,3.9592,27.558
11.143,4.2857,31.529
11.143,4.6122,36.005
11.143,4.9388,41.042
11.143,5.2653,46.706
11.143,5.5918,53.072
11.143,5.9184,60.221
11.143,6.2449,68.251
11.143,6.5714,77.268
11.143,6.898,87.397
11.143,7.2245,98.774
11.143,7.551,111.55
11.143,7.8776,125.86
11.143,8.2041,141.83
11.143,8.5306,159.41
11.143,8.8571,178.25
11.143,9.1837,197.23
11.143,9.5102,213.84
11.143,9.8367,224.02
11.143,10.163,224.02
11.143,10.49,213.84
11.143,10.816,197.23
11.143,11.143,178.25
11.143,11.469,159.41
11.143,11.796,141.83
11.143,12.122,125.86
11.143,12.449,111.55
11.143,12.776,98.774
11.143,13.102,87.397
11.143,13.429,77.268
11.143,13.755,68.251
11.143,14.082,60.221
11.143,14.408,53.072
11.143,14.735,46.706
11.143,15.061,41.042
11.143,15.388,36.005
11.143,15.714,31.529
11.143,16.041,27.558
11.143,16.367,24.039
11.143,16.694,20.925
11.143,17.02,18.174
11.143,17.347,15.749
11.143,17.673,13.616
11.143,18,11.743
11.469,2,11.461
11.469,2.3265,13.281
11.469,2.6531,15.351
11.469,2.9796,17.701
11.469,3.3061,20.363
11.469,3.6327,23.372
11.469,3.9592,26.765
11.469,4.2857,30.585
11.469,4.6122,34.879
11.469,4.9388,39.696
11.469,5.2653,45.092
11.469,5.5918,51.129
11.469,5.9184,57.872
11.469,6.2449,65.393
11.469,6.5714,73.77
11.469,6.898,83.079
11.469,7.2245,93.396
11.469,7.551,104.78
11.469,7.8776,117.24
11.469,8.2041,130.72
11.469,8.5306,144.96
11.469,8.8571,159.41
11.469,9.1837,172.99
11.469,9.5102,183.98
11.469,9.8367,190.27
11.469,10.163,190.27
11.469,10.49,183.98
11.469,10.816,172.99
11.469,11.143,159.41
11.469,11.469,144.96
11.469,11.796,130.72
11.469,12.122,117.24
11.469,12.449,104.78
11.469,12.776,93.396
11.469,13.102,83.079
11.469,13.429,73.77
11.469,13.755,65.393
11.469,14.082,57.872
11.469,14.408,51.129
11.469,14.735,45.092
11.469,15.061,39.696
11.469,15.388,34.879
11.469,15.714,30.585
11.469,16.041,26.765
11.469,16.367,23.372
11.469,16.694,20.363
11.469,17.02,17.701
11.469,17.347,15.351
11.469,17.673,13.281
11.469,18,11.461
11.796,2,11.12
11.796,2.3265,12.876
11.796,2.6531,14.87
11.796,2.9796,17.131
11.796,3.3061,19.687
11.796,3.6327,22.57
11.796,3.9592,25.814
11.796,4.2857,29.457
11.796,4.6122,33.537
11.796,4.9388,38.098
11.796,5.2653,43.184
11.796,5.5918,48.844
11.796,5.9184,55.128
11.796,6.2449,62.083
11.796,6.5714,69.756
11.796,6.898,78.187
11.796,7.2245,87.397
11.796,7.551,97.376
11.796,7.8776,108.06
11.796,8.2041,119.28
11.796,8.5306,130.72
11.796,8.8571,141.83
11.796,9.1837,151.76
11.796,9.5102,159.41
11.796,9.8367,163.62
11.796,10.163,163.62
11.796,10.49,159.41
11.796,10.816,151.76
11.796,11.143,141.83
11.796,11.469,130.72
11.796,11.796,119.28
11.796,12.122,108.06
11.796,12.449,97.376
11.796,12.776,87.397
11.796,13.102,78.187
11.796,13.429,69.756
11.796,13.755,62.083
11.796,14.082,55.128
11.796,14.408,48.844
11.796,14.735,43.184
11.796,15.061,38.098
11.796,15.388,33.537
11.796,15.714,29.457
11.796,16.041,25.814
11.796,16.367,22.57
11.796,16.694,19.687
11.796,17.02,17.131
11.796,17.347,14.87
11.796,17.673,12.876
11.796,18,11.12
12.122,2,10.725
12.122,2.3265,12.408
12.122,2.6531,14.317
12.122,2.9796,16.476
12.122,3.3061,18.912
12.122,3.6327,21.653
12.122,3.9592,24.73
12.122,4.2857,28.173
12.122,4.6122,32.016
12.122,4.9388,36.294
12.122,5.2653,41.042
12.122,5.5918,46.295
12.122,5.9184,52.087
12.122,6.2449,58.446
12.122,6.5714,65.393
12.122,6.898,72.937
12.122,7.2245,81.06
12.122,7.551,89.71
12.122,7.8776,98.774
12.122,8.2041,108.06
12.122,8.5306,117.24
12.122,8.8571,125.86
12.122,9.1837,133.31
12.122,9.5102,138.85
12.122,9.8367,141.83
12.122,10.163,141.83
12.122,10.49,138.85
12.122,10.816,133.31
12.122,11.143,125.86
12.122,11.469,117.24
12.122,11.796,108.06
12.122,12.122,98.774
12.122,12.449,89.71
12.122,12.776,81.06
12.122,13.102,72.937
12.122,13.429,65.393
12.122,13.755,58.446
12.122,14.082,52.087
12.122,14.408,46.295
12.122,14.735,41.042
12.122,15.061,36.294
12.122,15.388,32.016
12.122,15.714,28.173
12.122,16.041,24.73
12.122,16.367,21.653
12.122,16.694,18.912
12.122,17.02,16.476
12.122,17.347,14.317
12.122,17.673,12.408
12.122,18,10.725
12.449,2,10.285
12.449,2.3265,11.888
12.449,2.6531,13.701
12.449,2.9796,15.749
12.449,3.3061,18.055
12.449,3.6327,20.642
12.449,3.9592,23.536
12.449,4.2857,26.765
12.449,4.6122,30.355
12.449,4.9388,34.333
12.449,5.2653,38.726
12.449,5.5918,43.556
12.449,5.9184,48.844
12.449,6.2449,54.602
12.449,6.5714,60.832
12.449,6.898,67.518
12.449,7.2245,74.619
12.449,7.551,82.059
12.449,7.8776,89.71
12.449,8.2041,97.376
12.449,8.5306,104.78
12.449,8.8571,111.55
12.449,9.1837,117.24
12.449,9.5102,121.39
12.449,9.8367,123.58
12.449,10.163,123.58
12.449,10.49,121.39
12.449,10.816,117.24
12.449,11.143,111.55
12.449,11.469,104.78
12.449,11.796,97.376
12.449,12.122,89.71
12.449,12.449,82.059
12.449,12.776,74.619
12.449,13.102,67.518
12.449,13.429,60.832
12.449,13.755,54.602
12.449,14.082,48.844
12.449,14.408,43.556
12.449,14.735,38.726
12.449,15.061,34.333
12.449,15.388,30.355
12.449,15.714,26.765
12.449,16.041,23.536
12.449,16.367,20.642
12.449,16.694,18.055
12.449,17.02,15.749
12.449,17.347,13.701
12.449,17.673,11.888
12.449,18,10.285
12.776,2,9.8078
12.776,2.3265,11.323
12.776,2.6531,13.036
12.776,2.9796,14.965
12.776,3.3061,17.131
12.776,3.6327,19.556
12.776,3.9592,22.259
12.776,4.2857,25.265
12.776,4.6122,28.592
12.776,4.9388,32.263
12.776,5.2653,36.294
12.776,5.5918,40.7
12.776,5.9184,45.488
12.776,6.2449,50.659
12.776,6.5714,56.201
12.776,6.898,62.083
12.776,7.2245,68.251
12.776,7.551,74.619
12.776,7.8776,81.06
12.776,8.2041,87.397
12.776,8.5306,93.396
12.776,8.8571,98.774
12.776,9.1837,103.21
12.776,9.5102,106.39
12.776,9.8367,108.06
12.776,10.163,108.06
12.776,10.49,106.39
12.776,10.816,103.21
12.776,11.143,98.774
12.776,11.469,93.396
12.776,11.796,87.397
12.776,12.122,81.06
12.776,12.449,74.619
12.776,12.776,68.251
12.776,13.102,62.083
12.776,13.429,56.201
12.776,13.755,50.659
12.776,14.082,45.488
12.776,14.408,40.7
12.776,14.735,36.294
12.776,15.061,32.263
12.776,15.388,28.592
12.776,15.714,25.265
12.776,16.041,22.259
12.776,16.367,19.556
12.776,16.694,17.131
12.776,17.02,14.965
12.776,17.347,13.036
12.776,17.673,11.323
12.776,18,9.8078
13.102,2,9.3005
13.102,2.3265,10.725
13.102,2.6531,12.332
13.102,2.9796,14.138
13.102,3.3061,16.16
13.102,3.6327,18.416
13.102,3.9592,20.925
13.102,4.2857,23.702
13.102,4.6122,26.765
13.102,4.9388,30.127
13.102,5.2653,33.8
13.102,5.5918,37.789
13.102,5.9184,42.094
13.102,6.2449,46.706
13.102,6.5714,51.604
13.102,6.898,56.75
13.102,7.2245,62.083
13.102,7.551,67.518
13.102,7.8776,72.937
13.102,8.2041,78.187
13.102,8.5306,83.079
13.102,8.8571,87.397
13.102,9.1837,90.908
13.102,9.5102,93.396
13.102,9.8367,94.688
13.102,10.163,94.688
13.102,10.49,93.396
13.102,10.816,90.908
13.102,11.143,87.397
13.102,11.469,83.079
13.102,11.796,78.187
13.102,12.122,72.937
13.102,12.449,67.518
13.102,12.776,62.083
13.102,13.102,56.75
13.102,13.429,51.604
13.102,13.755,46.706
13.102,14.082,42.094
13.102,14.408,37.789
13.102,14.735,33.8
13.102,15.061,30.127
13.102,15.388,26.765
13.102,15.714,23.702
13.102,16.041,20.925
13.102,16.367,18.416
13.102,16.694,16.16
13.102,17.02,14.138
13.102,17.347,12.332
13.102,17.673,10.725
13.102,18,9.3005
13.429,2,8.7717
13.429,2.3265,10.103
13.429,2.6531,11.601
13.429,2.9796,13.281
13.429,3.3061,15.157
13.429,3.6327,17.244
13.429,3.9592,19.556
13.429,4.2857,22.106
13.429,4.6122,24.906
13.429,4.9388,27.966
13.429,5.2653,31.29
13.429,5.5918,34.879
13.429,5.9184,38.726
13.429,6.2449,42.816
13.429,6.5714,47.123
13.429,6.898,51.604
13.429,7.2245,56.201
13.429,7.551,60.832
13.429,7.8776,65.393
13.429,8.2041,69.756
13.429,8.5306,73.77
13.429,8.8571,77.268
13.429,9.1837,80.082
13.429,9.5102,82.059
13.429,9.8367,83.079
13.429,10.163,83.079
13.429,10.49,82.059
13.429,10.816,80.082
13.429,11.143,77.268
13.429,11.469,73.77
13.429,11.796,69.756
13.429,12.122,65.393
13.429,12.449,60.832
13.429,12.776,56.201
13.429,13.102,51.604
13.429,13.429,47.123
13.429,13.755,42.816
13.429,14.082,38.726
13.429,14.408,34.879
13.429,14.735,31.29
13.429,15.061,27.966
13.429,15.388,24.906
13.429,15.714,22.106
13.429,16.041,19.556
13.429,16.367,17.244
13.429,16.694,15.157
13.429,17.02,13.281
13.429,17.347,11.601
13.429,17.673,10.103
13.429,18,8.7717
13.755,2,8.229
13.755,2.3265,9.4662
13.755,2.6531,10.855
13.755,2.9796,12.408
13.755,3.3061,14.138
13.755,3.6327,16.056
13.755,3.9592,18.174
13.755,4.2857,20.502
13.755,4.6122,23.047
13.755,4.9388,25.814
13.755,5.2653,28.805
13.755,5.5918,32.016
13.755,5.9184,35.436
13.755,6.2449,39.046
13.755,6.5714,42.816
13.755,6.898,46.706
13.755,7.2245,50.659
13.755,7.551,54.602
13.755,7.8776,58.446
13.755,8.2041,62.083
13.755,8.5306,65.393
13.755,8.8571,68.251
13.755,9.1837,70.53
13.755,9.5102,72.12
13.755,9.8367,72.937
13.755,10.163,72.937
13.755,10.49,72.12
13.755,10.816,70.53
13.755,11.143,68.251
13.755,11.469,65.393
13.755,11.796,62.083
13.755,12.122,58.446
13.755,12.449,54.602
13.755,12.776,50.659
13.755,13.102,46.706
13.755,13.429,42.816
13.755,13.755,39.046
13.755,14.082,35.436
13.755,14.408,32.016
13.755,14.735,28.805
13.755,15.061,25.814
13.755,15.388,23.047
13.755,15.714,20.502
13.755,16.041,18.174
13.755,16.367,16.056
13.755,16.694,14.138
13.755,17.02,12.408
13.755,17.347,10.855
13.755,17.673,9.4662
13.755,18,8.229
14.082,2,7.6799
14.082,2.3265,8.823
14.082,2.6531,10.103
14.082,2.9796,11.531
14.082,3.3061,13.117
14.082,3.6327,14.87
14.082,3.9592,16.8
14.082,4.2857,18.912
14.082,4.6122,21.212
14.082,4.9388,23.702
14.082,5.2653,26.379
14.082,5.5918,29.237
14.082,5.9184,32.263
14.082,6.2449,35.436
14.082,6.5714,38.726
14.082,6.898,42.094
14.082,7.2245,45.488
14.082,7.551,48.844
14.082,7.8776,52.087
14.082,8.2041,55.128
14.082,8.5306,57.872
14.082,8.8571,60.221
14.082,9.1837,62.083
14.082,9.5102,63.374
14.082,9.8367,64.036
14.082,10.163,64.036
14.082,10.49,63.374
14.082,10.816,62.083
14.082,11.143,60.221
14.082,11.469,57.872
14.082,11.796,55.128
14.082,12.122,52.087
14.082,12.449,48.844
14.082,12.776,45.488
14.082,13.102,42.094
14.082,13.429,38.726
14.082,13.755,35.436
14.082,14.082,32.263
14.082,14.408,29.237
14.082,14.735,26.379
14.082,15.061,23.702
14.082,15.388,21.212
14.082,15.714,18.912
14.082,16.041,16.8
14.082,16.367,14.87
14.082,16.694,13.117
14.082,17.02,11.531
14.082,17.347,10.103
14.082,17.673,8.823
14.082,18,7.6799
14.408,2,7.1311
14.408,2.3265,8.1816
14.408,2.6531,9.3554
14.408,2.9796,10.661
14.408,3.3061,12.107
14.408,3.6327,13.701
14.408,3.9592,15.45
14.408,4.2857,17.357
14.408,4.6122,19.425
14.408,4.9388,21.653
14.408,5.2653,24.039
14.408,5.5918,26.571
14.408,5.9184,29.237
14.408,6.2449,32.016
14.408,6.5714,34.879
14.408,6.898,37.789
14.408,7.2245,40.7
14.408,7.551,43.556
14.408,7.8776,46.295
14.408,8.2041,48.844
14.408,8.5306,51.129
14.408,8.8571,53.072
14.408,9.1837,54.602
14.408,9.5102,55.66
14.408,9.8367,56.201
14.408,10.163,56.201
14.408,10.49,55.66
14.408,10.816,54.602
14.408,11.143,53.072
14.408,11.469,51.129
14.408,11.796,48.844
14.408,12.122,46.295
14.408,12.449,43.556
14.408,12.776,40.7
14.408,13.102,37.789
14.408,13.429,34.879
14.408,13.755,32.016
14.408,14.082,29.237
14.408,14.408,26.571
14.408,14.735,24.039
14.408,15.061,21.653
14.408,15.388,19.425
14.408,15.714,17.357
14.408,16.041,15.45
14.408,16.367,13.701
14.408,16.694,12.107
14.408,17.02,10.661
14.408,17.347,9.3554
14.408,17.673,8.1816
14.408,18,7.1311
14.735,2,6.5887
14.735,2.3265,7.5491
14.735,2.6531,8.6198
14.735,2.9796,9.8078
14.735,3.3061,11.12
14.735,3.6327,12.562
14.735,3.9592,14.138
14.735,4.2857,15.851
14.735,4.6122,17.701
14.735,4.9388,19.687
14.735,5.2653,21.803
14.735,5.5918,24.039
14.735,5.9184,26.379
14.735,6.2449,28.805
14.735,6.5714,31.29
14.735,6.898,33.8
14.735,7.2245,36.294
14.735,7.551,38.726
14.735,7.8776,41.042
14.735,8.2041,43.184
14.735,8.5306,45.092
14.735,8.8571,46.706
14.735,9.1837,47.973
14.735,9.5102,48.844
14.735,9.8367,49.289
14.735,10.163,49.289
14.735,10.49,48.844
14.735,10.816,47.973
14.735,11.143,46.706
14.735,11.469,45.092
14.735,11.796,43.184
14.735,12.122,41.042
14.735,12.449,38.726
14.735,12.776,36.294
14.735,13.102,33.8
14.735,13.429,31.29
14.735,13.755,28.805
14.735,14.082,26.379
14.735,14.408,24.039
14.735,14.735,21.803
14.735,15.061,19.687
14.735,15.388,17.701
14.735,15.714,15.851
14.735,16.041,14.138
14.735,16.367,12.562
14.735,16.694,11.12
14.735,17.02,9.8078
14.735,17.347,8.6198
14.735,17.673,7.5491
14.735,18,6.5887
15.061,2,6.0581
15.061,2.3265,6.9318
15.061,2.6531,7.9035
15.061,2.9796,8.979
15.061,3.3061,10.164
15.061,3.6327,11.461
15.061,3.9592,12.876
15.061,4.2857,14.407
15.061,4.6122,16.056
15.061,4.9388,17.818
15.061,5.2653,19.687
15.061,5.5918,21.653
15.061,5.9184,23.702
15.061,6.2449,25.814
15.061,6.5714,27.966
15.061,6.898,30.127
15.061,7.2245,32.263
15.061,7.551,34.333
15.061,7.8776,36.294
15.061,8.2041,38.098
15.061,8.5306,39.696
15.061,8.8571,41.042
15.061,9.1837,42.094
15.061,9.5102,42.816
15.061,9.8367,43.184
15.061,10.163,43.184
15.061,10.49,42.816
15.061,10.816,42.094
15.061,11.143,41.042
15.061,11.469,39.696
15.061,11.796,38.098
15.061,12.122,36.294
15.061,12.449,34.333
15.061,12.776,32.263
15.061,13.102,30.127
15.061,13.429,27.966
15.061,13.755,25.814
15.061,14.082,23.702
15.061,14.408,21.653
15.061,14.735,19.687
15.061,15.061,17.818
15.061,15.388,16.056
15.061,15.714,14.407
15.061,16.041,12.876
15.061,16.367,11.461
15.061,16.694,10.164
15.061,17.02,8.979
15.061,17.347,7.9035
15.061,17.673,6.9318
15.061,18,6.0581
15.388,2,5.5439
15.388,2.3265,6.3349
15.388,2.6531,7.2126
15.388,2.9796,8.1816
15.388,3.3061,9.246
15.388,3.6327,10.409
15.388,3.9592,11.672
15.388,4.2857,13.036
15.388,4.6122,14.499
15.388,4.9388,16.056
15.388,5.2653,17.701
15.388,5.5918,19.425
15.388,5.9184,21.212
15.388,6.2449,23.047
15.388,6.5714,24.906
15.388,6.898,26.765
15.388,7.2245,28.592
15.388,7.551,30.355
15.388,7.8776,32.016
15.388,8.2041,33.537
15.388,8.5306,34.879
15.388,8.8571,36.005
15.388,9.1837,36.882
15.388,9.5102,37.483
15.388,9.8367,37.789
15.388,10.163,37.789
15.388,10.49,37.483
15.388,10.816,36.882
15.388,11.143,36.005
15.388,11.469,34.879
15.388,11.796,33.537
15.388,12.122,32.016
15.388,12.449,30.355
15.388,12.776,28.592
15.388,13.102,26.765
15.388,13.429,24.906
15.388,13.755,23.047
15.388,14.082,21.212
15.388,14.408,19.425
15.388,14.735,17.701
15.388,15.061,16.056
15.388,15.388,14.499
15.388,15.714,13.036
15.388,16.041,11.672
15.388,16.367,10.409
15.388,16.694,9.246
15.388,17.02,8.1816
15.388,17.347,7.2126
15.388,17.673,6.3349
15.388,18,5.5439
15.714,2,5.0499
15.714,2.3265,5.7627
15.714,2.6531,6.5517
15.714,2.9796,7.4209
15.714,3.3061,8.3731
15.714,3.6327,9.4106
15.714,3.9592,10.534
15.714,4.2857,11.743
15.714,4.6122,13.036
15.714,4.9388,14.407
15.714,5.2653,15.851
15.714,5.5918,17.357
15.714,5.9184,18.912
15.714,6.2449,20.502
15.714,6.5714,22.106
15.714,6.898,23.702
15.714,7.2245,25.265
15.714,7.551,26.765
15.714,7.8776,28.173
15.714,8.2041,29.457
15.714,8.5306,30.585
15.714,8.8571,31.529
15.714,9.1837,32.263
15.714,9.5102,32.765
15.714,9.8367,33.019
15.714,10.163,33.019
15.714,10.49,32.765
15.714,10.816,32.263
15.714,11.143,31.529
15.714,11.469,30.585
15.714,11.796,29.457
15.714,12.122,28.173
15.714,12.449,26.765
15.714,12.776,25.265
15.714,13.102,23.702
15.714,13.429,22.106
15.714,13.755,20.502
15.714,14.082,18.912
15.714,14.408,17.357
15.714,14.735,15.851
15.714,15.061,14.407
15.714,15.388,13.036
15.714,15.714,11.743
15.714,16.041,10.534
15.714,16.367,9.4106
15.714,16.694,8.3731
15.714,17.02,7.4209
15.714,17.347,6.5517
15.714,17.673,5.7627
15.714,18,5.0499
16.041,2,4.579
16.041,2.3265,5.2185
16.041,2.6531,5.9248
16.041,2.9796,6.7009
16.041,3.3061,7.5491
16.041,3.6327,8.4708
16.041,3.9592,9.4662
16.041,4.2857,10.534
16.041,4.6122,11.672
16.041,4.9388,12.876
16.041,5.2653,14.138
16.041,5.5918,15.45
16.041,5.9184,16.8
16.041,6.2449,18.174
16.041,6.5714,19.556
16.041,6.898,20.925
16.041,7.2245,22.259
16.041,7.551,23.536
16.041,7.8776,24.73
16.041,8.2041,25.814
16.041,8.5306,26.765
16.041,8.8571,27.558
16.041,9.1837,28.173
16.041,9.5102,28.592
16.041,9.8367,28.805
16.041,10.163,28.805
16.041,10.49,28.592
16.041,10.816,28.173
16.041,11.143,27.558
16.041,11.469,26.765
16.041,11.796,25.814
16.041,12.122,24.73
16.041,12.449,23.536
16.041,12.776,22.259
16.041,13.102,20.925
16.041,13.429,19.556
16.041,13.755,18.174
16.041,14.082,16.8
16.041,14.408,15.45
16.041,14.735,14.138
16.041,15.061,12.876
16.041,15.388,11.672
16.041,15.714,10.534
16.041,16.041,9.4662
16.041,16.367,8.4708
16.041,16.694,7.5491
16.041,17.02,6.7009
16.041,17.347,5.9248
16.041,17.673,5.2185
16.041,18,4.579
16.367,2,4.1337
16.367,2.3265,4.7048
16.367,2.6531,5.3343
16.367,2.9796,6.0245
16.367,3.3061,6.7769
16.367,3.6327,7.5924
16.367,3.9592,8.4708
16.367,4.2857,9.4106
16.367,4.6122,10.409
16.367,4.9388,11.461
16.367,5.2653,12.562
16.367,5.5918,13.701
16.367,5.9184,14.87
16.367,6.2449,16.056
16.367,6.5714,17.244
16.367,6.898,18.416
16.367,7.2245,19.556
16.367,7.551,20.642
16.367,7.8776,21.653
16.367,8.2041,22.57
16.367,8.5306,23.372
16.367,8.8571,24.039
16.367,9.1837,24.555
16.367,9.5102,24.906
16.367,9.8367,25.085
16.367,10.163,25.085
16.367,10.49,24.906
16.367,10.816,24.555
16.367,11.143,24.039
16.367,11.469,23.372
16.367,11.796,22.57
16.367,12.122,21.653
16.367,12.449,20.642
16.367,12.776,19.556
16.367,13.102,18.416
16.367,13.429,17.244
16.367,13.755,16.056
16.367,14.082,14.87
16.367,14.408,13.701
16.367,14.735,12.562
16.367,15.061,11.461
16.367,15.388,10.409
16.367,15.714,9.4106
16.367,16.041,8.4708
16.367,16.367,7.5924
16.367,16.694,6.7769
16.367,17.02,6.0245
16.367,17.347,5.3343
16.367,17.673,4.7048
16.367,18,4.1337
16.694,2,3.7154
16.694,2.3265,4.2234
16.694,2.6531,4.7821
16.694,2.9796,5.3933
16.694,3.3061,6.0581
16.694,3.6327,6.7769
16.694,3.9592,7.5491
16.694,4.2857,8.3731
16.694,4.6122,9.246
16.694,4.9388,10.164
16.694,5.2653,11.12
16.694,5.5918,12.107
16.694,5.9184,13.117
16.694,6.2449,14.138
16.694,6.5714,15.157
16.694,6.898,16.16
16.694,7.2245,17.131
16.694,7.551,18.055
16.694,7.8776,18.912
16.694,8.2041,19.687
16.694,8.5306,20.363
16.694,8.8571,20.925
16.694,9.1837,21.358
16.694,9.5102,21.653
16.694,9.8367,21.803
16.694,10.163,21.803
16.694,10.49,21.653
16.694,10.816,21.358
16.694,11.143,20.925
16.694,11.469,20.363
16.694,11.796,19.687
16.694,12.122,18.912
16.694,12.449,18.055
16.694,12.776,17.131
16.694,13.102,16.16
16.694,13.429,15.157
16.694,13.755,14.138
16.694,14.082,13.117
16.694,14.408,12.107
16.694,14.735,11.12
16.694,15.061,10.164
16.694,15.388,9.246
16.694,15.714,8.3731
16.694,16.041,7.5491
16.694,16.367,6.7769
16.694,16.694,6.0581
16.694,17.02,5.3933
16.694,17.347,4.7821
16.694,17.673,4.2234
16.694,18,3.7154
17.02,2,3.3252
17.02,2.3265,3.7751
17.02,2.6531,4.269
17.02,2.9796,4.8081
17.02,3.3061,5.3933
17.02,3.6327,6.0245
17.02,3.9592,6.7009
17.02,4.2857,7.4209
17.02,4.6122,8.1816
17.02,4.9388,8.979
17.02,5.2653,9.8078
17.02,5.5918,10.661
17.02,5.9184,11.531
17.02,6.2449,12.408
17.02,6.5714,13.281
17.02,6.898,14.138
17.02,7.2245,14.965
17.02,7.551,15.749
17.02,7.8776,16.476
17.02,8.2041,17.131
17.02,8.5306,17.701
17.02,8.8571,18.174
17.02,9.1837,18.539
17.02,9.5102,18.787
17.02,9.8367,18.912
17.02,10.163,18.912
17.02,10.49,18.787
17.02,10.816,18.539
17.02,11.143,18.174
17.02,11.469,17.701
17.02,11.796,17.131
17.02,12.122,16.476
17.02,12.449,15.749
17.02,12.776,14.965
17.02,13.102,14.138
17.02,13.429,13.281
17.02,13.755,12.408
17.02,14.082,11.531
17.02,14.408,10.661
17.02,14.735,9.8078
17.02,15.061,8.979
17.02,15.388,8.1816
17.02,15.714,7.4209
17.02,16.041,6.7009
17.02,16.367,6.0245
17.02,16.694,5.3933
17.02,17.02,4.8081
17.02,17.347,4.269
17.02,17.673,3.7751
17.02,18,3.3252
17.347,2,2.9635
17.347,2.3265,3.3604
17.347,2.6531,3.7952
17.347,2.9796,4.269
17.347,3.3061,4.7821
17.347,3.6327,5.3343
17.347,3.9592,5.9248
17.347,4.2857,6.5517
17.347,4.6122,7.2126
17.347,4.9388,7.9035
17.347,5.2653,8.6198
17.347,5.5918,9.3554
17.347,5.9184,10.103
17.347,6.2449,10.855
17.347,6.5714,11.601
17.347,6.898,12.332
17.347,7.2245,13.036
17.347,7.551,13.701
17.347,7.8776,14.317
17.347,8.2041,14.87
17.347,8.5306,15.351
17.347,8.8571,15.749
17.347,9.1837,16.056
17.347,9.5102,16.264
17.347,9.8367,16.37
17.347,10.163,16.37
17.347,10.49,16.264
17.347,10.816,16.056
17.347,11.143,15.749
17.347,11.469,15.351
17.347,11.796,14.87
17.347,12.122,14.317
17.347,12.449,13.701
17.347,12.776,13.036
17.347,13.102,12.332
17.347,13.429,11.601
17.347,13.755,10.855
17.347,14.082,10.103
17.347,14.408,9.3554
17.347,14.735,8.6198
17.347,15.061,7.9035
17.347,15.388,7.2126
17.347,15.714,6.5517
17.347,16.041,5.9248
17.347,16.367,5.3343
17.347,16.694,4.7821
17.347,17.02,4.269
17.347,17.347,3.7952
17.347,17.673,3.3604
17.347,18,2.9635
17.673,2,2.6303
17.673,2.3265,2.979
17.673,2.6531,3.3604
17.673,2.9796,3.7751
17.673,3.3061,4.2234
17.673,3.6327,4.7048
17.673,3.9592,5.2185
17.673,4.2857,5.7627
17.673,4.6122,6.3349
17.673,4.9388,6.9318
17.673,5.2653,7.5491
17.673,5.5918,8.1816
17.673,5.9184,8.823
17.673,6.2449,9.4662
17.673,6.5714,10.103
17.673,6.898,10.725
17.673,7.2245,11.323
17.673,7.551,11.888
17.673,7.8776,12.408
17.673,8.2041,12.876
17.673,8.5306,13.281
17.673,8.8571,13.616
17.673,9.1837,13.874
17.673,9.5102,14.049
17.673,9.8367,14.138
17.673,10.163,14.138
17.673,10.49,14.049
17.673,10.816,13.874
17.673,11.143,13.616
17.673,11.469,13.281
17.673,11.796,12.876
17.673,12.122,12.408
17.673,12.449,11.888
17.673,12.776,11.323
17.673,13.102,10.725
17.673,13.429,10.103
17.673,13.755,9.4662
17.673,14.082,8.823
17.673,14.408,8.1816
17.673,14.735,7.5491
17.673,15.061,6.9318
17.673,15.388,6.3349
17.673,15.714,5.7627
17.673,16.041,5.2185
17.673,16.367,4.7048
17.673,16.694,4.2234
17.673,17.02,3.7751
17.673,17.347,3.3604
17.673,17.673,2.979
17.673,18,2.6303
18,2,2.325
18,2.3265,2.6303
18,2.6531,2.9635
18,2.9796,3.3252
18,3.3061,3.7154
18,3.6327,4.1337
18,3.9592,4.579
18,4.2857,5.0499
18,4.6122,5.5439
18,4.9388,6.0581
18,5.2653,6.5887
18,5.5918,7.1311
18,5.9184,7.6799
18,6.2449,8.229
18,6.5714,8.7717
18,6.898,9.3005
18,7.2245,9.8078
18,7.551,10.285
18,7.8776,10.725
18,8.2041,11.12
18,8.5306,11.461
18,8.8571,11.743
18,9.1837,11.96
18,9.5102,12.107
18,9.8367,12.182
18,10.163,12.182
18,10.49,12.107
18,10.816,11.96
18,11.143,11.743
18,11.469,11.461
18,11.796,11.12
18,12.122,10.725
18,12.449,10.285
18,12.776,9.8078
18,13.102,9.3005
18,13.429,8.7717
18,13.755,8.229
18,14.082,7.6799
18,14.408,7.1311
18,14.735,6.5887
18,15.061,6.0581
18,15.388,5.5439
18,15.714,5.0499
18,16.041,4.579
18,16.367,4.1337
18,16.694,3.7154
18,17.02,3.3252
18,17.347,2.9635
18,17.673,2.6303
18,18,2.325
