pressure data:,,,,1 coordinate per line,,,,Additional pore pressure. Date is January 1st at 12:01 AM in 2018 
X_Easting_km, Y_Northing_km, additionalPressure_PSI,
2,2,0.13338
2,2.3265,0.16585
2,2.6531,0.20463
2,2.9796,0.25047
2,3.3061,0.30415
2,3.6327,0.36636
2,3.9592,0.4377
2,4.2857,0.51863
2,4.6122,0.60939
2,4.9388,0.70998
2,5.2653,0.82009
2,5.5918,0.93903
2,5.9184,1.0657
2,6.2449,1.1987
2,6.5714,1.3359
2,6.898,1.4752
2,7.2245,1.6136
2,7.551,1.7483
2,7.8776,1.8759
2,8.2041,1.9932
2,8.5306,2.0969
2,8.8571,2.184
2,9.1837,2.2519
2,9.5102,2.2984
2,9.8367,2.322
2,10.163,2.322
2,10.49,2.2984
2,10.816,2.2519
2,11.143,2.184
2,11.469,2.0969
2,11.796,1.9932
2,12.122,1.8759
2,12.449,1.7483
2,12.776,1.6136
2,13.102,1.4752
2,13.429,1.3359
2,13.755,1.1987
2,14.082,1.0657
2,14.408,0.93903
2,14.735,0.82009
2,15.061,0.70998
2,15.388,0.60939
2,15.714,0.51863
2,16.041,0.4377
2,16.367,0.36636
2,16.694,0.30415
2,17.02,0.25047
2,17.347,0.20463
2,17.673,0.16585
2,18,0.13338
2.3265,2,0.16585
2.3265,2.3265,0.20651
2.3265,2.6531,0.25513
2.3265,2.9796,0.31274
2.3265,3.3061,0.38031
2.3265,3.6327,0.45877
2.3265,3.9592,0.54894
2.3265,4.2857,0.65144
2.3265,4.6122,0.76664
2.3265,4.9388,0.8946
2.3265,5.2653,1.035
2.3265,5.5918,1.187
2.3265,5.9184,1.3492
2.3265,6.2449,1.5199
2.3265,6.5714,1.6964
2.3265,6.898,1.8759
2.3265,7.2245,2.0548
2.3265,7.551,2.229
2.3265,7.8776,2.3945
2.3265,8.2041,2.5468
2.3265,8.5306,2.6817
2.3265,8.8571,2.7952
2.3265,9.1837,2.8836
2.3265,9.5102,2.9443
2.3265,9.8367,2.9751
2.3265,10.163,2.9751
2.3265,10.49,2.9443
2.3265,10.816,2.8836
2.3265,11.143,2.7952
2.3265,11.469,2.6817
2.3265,11.796,2.5468
2.3265,12.122,2.3945
2.3265,12.449,2.229
2.3265,12.776,2.0548
2.3265,13.102,1.8759
2.3265,13.429,1.6964
2.3265,13.755,1.5199
2.3265,14.082,1.3492
2.3265,14.408,1.187
2.3265,14.735,1.035
2.3265,15.061,0.8946
2.3265,15.388,0.76664
2.3265,15.714,0.65144
2.3265,16.041,0.54894
2.3265,16.367,0.45877
2.3265,16.694,0.38031
2.3265,17.02,0.31274
2.3265,17.347,0.25513
2.3265,17.673,0.20651
2.3265,18,0.16585
2.6531,2,0.20463
2.6531,2.3265,0.25513
2.6531,2.6531,0.31565
2.6531,2.9796,0.38748
2.6531,3.3061,0.47191
2.6531,3.6327,0.57016
2.6531,3.9592,0.68331
2.6531,4.2857,0.81222
2.6531,4.6122,0.95745
2.6531,4.9388,1.1191
2.6531,5.2653,1.2969
2.6531,5.5918,1.4899
2.6531,5.9184,1.6964
2.6531,6.2449,1.9142
2.6531,6.5714,2.14
2.6531,6.898,2.3701
2.6531,7.2245,2.5999
2.6531,7.551,2.8243
2.6531,7.8776,3.0379
2.6531,8.2041,3.2348
2.6531,8.5306,3.4094
2.6531,8.8571,3.5565
2.6531,9.1837,3.6713
2.6531,9.5102,3.7501
2.6531,9.8367,3.7902
2.6531,10.163,3.7902
2.6531,10.49,3.7501
2.6531,10.816,3.6713
2.6531,11.143,3.5565
2.6531,11.469,3.4094
2.6531,11.796,3.2348
2.6531,12.122,3.0379
2.6531,12.449,2.8243
2.6531,12.776,2.5999
2.6531,13.102,2.3701
2.6531,13.429,2.14
2.6531,13.755,1.9142
2.6531,14.082,1.6964
2.6531,14.408,1.4899
2.6531,14.735,1.2969
2.6531,15.061,1.1191
2.6531,15.388,0.95745
2.6531,15.714,0.81222
2.6531,16.041,0.68331
2.6531,16.367,0.57016
2.6531,16.694,0.47191
2.6531,17.02,0.38748
2.6531,17.347,0.31565
2.6531,17.673,0.25513
2.6531,18,0.20463
2.9796,2,0.25047
2.9796,2.3265,0.31274
2.9796,2.6531,0.38748
2.9796,2.9796,0.47638
2.9796,3.3061,0.5811
2.9796,3.6327,0.70321
2.9796,3.9592,0.84418
2.9796,4.2857,1.0052
2.9796,4.6122,1.187
2.9796,4.9388,1.3899
2.9796,5.2653,1.6136
2.9796,5.5918,1.8571
2.9796,5.9184,2.1183
2.9796,6.2449,2.3945
2.9796,6.5714,2.6817
2.9796,6.898,2.9751
2.9796,7.2245,3.2689
2.9796,7.551,3.5565
2.9796,7.8776,3.8307
2.9796,8.2041,4.0842
2.9796,8.5306,4.3093
2.9796,8.8571,4.4993
2.9796,9.1837,4.6477
2.9796,9.5102,4.7497
2.9796,9.8367,4.8016
2.9796,10.163,4.8016
2.9796,10.49,4.7497
2.9796,10.816,4.6477
2.9796,11.143,4.4993
2.9796,11.469,4.3093
2.9796,11.796,4.0842
2.9796,12.122,3.8307
2.9796,12.449,3.5565
2.9796,12.776,3.2689
2.9796,13.102,2.9751
2.9796,13.429,2.6817
2.9796,13.755,2.3945
2.9796,14.082,2.1183
2.9796,14.408,1.8571
2.9796,14.735,1.6136
2.9796,15.061,1.3899
2.9796,15.388,1.187
2.9796,15.714,1.0052
2.9796,16.041,0.84418
2.9796,16.367,0.70321
2.9796,16.694,0.5811
2.9796,17.02,0.47638
2.9796,17.347,0.38748
2.9796,17.673,0.31274
2.9796,18,0.25047
3.3061,2,0.30415
3.3061,2.3265,0.38031
3.3061,2.6531,0.47191
3.3061,2.9796,0.5811
3.3061,3.3061,0.70998
3.3061,3.6327,0.86065
3.3061,3.9592,1.035
3.3061,4.2857,1.2346
3.3061,4.6122,1.4606
3.3061,4.9388,1.7135
3.3061,5.2653,1.9932
3.3061,5.5918,2.2984
3.3061,5.9184,2.6269
3.3061,6.2449,2.9751
3.3061,6.5714,3.3384
3.3061,6.898,3.7105
3.3061,7.2245,4.0842
3.3061,7.551,4.4509
3.3061,7.8776,4.8016
3.3061,8.2041,5.1264
3.3061,8.5306,5.4156
3.3061,8.8571,5.6599
3.3061,9.1837,5.8512
3.3061,9.5102,5.9827
3.3061,9.8367,6.0497
3.3061,10.163,6.0497
3.3061,10.49,5.9827
3.3061,10.816,5.8512
3.3061,11.143,5.6599
3.3061,11.469,5.4156
3.3061,11.796,5.1264
3.3061,12.122,4.8016
3.3061,12.449,4.4509
3.3061,12.776,4.0842
3.3061,13.102,3.7105
3.3061,13.429,3.3384
3.3061,13.755,2.9751
3.3061,14.082,2.6269
3.3061,14.408,2.2984
3.3061,14.735,1.9932
3.3061,15.061,1.7135
3.3061,15.388,1.4606
3.3061,15.714,1.2346
3.3061,16.041,1.035
3.3061,16.367,0.86065
3.3061,16.694,0.70998
3.3061,17.02,0.5811
3.3061,17.347,0.47191
3.3061,17.673,0.38031
3.3061,18,0.30415
3.6327,2,0.36636
3.6327,2.3265,0.45877
3.6327,2.6531,0.57016
3.6327,2.9796,0.70321
3.6327,3.3061,0.86065
3.6327,3.6327,1.0451
3.6327,3.9592,1.2591
3.6327,4.2857,1.5048
3.6327,4.6122,1.7838
3.6327,4.9388,2.0969
3.6327,5.2653,2.4442
3.6327,5.5918,2.8243
3.6327,5.9184,3.2348
3.6327,6.2449,3.6713
3.6327,6.5714,4.1282
3.6327,6.898,4.5977
3.6327,7.2245,5.0706
3.6327,7.551,5.5362
3.6327,7.8776,5.9827
3.6327,8.2041,6.3973
3.6327,8.5306,6.7673
3.6327,8.8571,7.0806
3.6327,9.1837,7.3263
3.6327,9.5102,7.4954
3.6327,9.8367,7.5816
3.6327,10.163,7.5816
3.6327,10.49,7.4954
3.6327,10.816,7.3263
3.6327,11.143,7.0806
3.6327,11.469,6.7673
3.6327,11.796,6.3973
3.6327,12.122,5.9827
3.6327,12.449,5.5362
3.6327,12.776,5.0706
3.6327,13.102,4.5977
3.6327,13.429,4.1282
3.6327,13.755,3.6713
3.6327,14.082,3.2348
3.6327,14.408,2.8243
3.6327,14.735,2.4442
3.6327,15.061,2.0969
3.6327,15.388,1.7838
3.6327,15.714,1.5048
3.6327,16.041,1.2591
3.6327,16.367,1.0451
3.6327,16.694,0.86065
3.6327,17.02,0.70321
3.6327,17.347,0.57016
3.6327,17.673,0.45877
3.6327,18,0.36636
3.9592,2,0.4377
3.9592,2.3265,0.54894
3.9592,2.6531,0.68331
3.9592,2.9796,0.84418
3.9592,3.3061,1.035
3.9592,3.6327,1.2591
3.9592,3.9592,1.5199
3.9592,4.2857,1.82
3.9592,4.6122,2.1619
3.9592,4.9388,2.5468
3.9592,5.2653,2.9751
3.9592,5.5918,3.4456
3.9592,5.9184,3.9552
3.9592,6.2449,4.4993
3.9592,6.5714,5.0706
3.9592,6.898,5.6599
3.9592,7.2245,6.2556
3.9592,7.551,6.8442
3.9592,7.8776,7.4103
3.9592,8.2041,7.9376
3.9592,8.5306,8.4096
3.9592,8.8571,8.8101
3.9592,9.1837,9.1247
3.9592,9.5102,9.3416
3.9592,9.8367,9.4523
3.9592,10.163,9.4523
3.9592,10.49,9.3416
3.9592,10.816,9.1247
3.9592,11.143,8.8101
3.9592,11.469,8.4096
3.9592,11.796,7.9376
3.9592,12.122,7.4103
3.9592,12.449,6.8442
3.9592,12.776,6.2556
3.9592,13.102,5.6599
3.9592,13.429,5.0706
3.9592,13.755,4.4993
3.9592,14.082,3.9552
3.9592,14.408,3.4456
3.9592,14.735,2.9751
3.9592,15.061,2.5468
3.9592,15.388,2.1619
3.9592,15.714,1.82
3.9592,16.041,1.5199
3.9592,16.367,1.2591
3.9592,16.694,1.035
3.9592,17.02,0.84418
3.9592,17.347,0.68331
3.9592,17.673,0.54894
3.9592,18,0.4377
4.2857,2,0.51863
4.2857,2.3265,0.65144
4.2857,2.6531,0.81222
4.2857,2.9796,1.0052
4.2857,3.3061,1.2346
4.2857,3.6327,1.5048
4.2857,3.9592,1.82
4.2857,4.2857,2.184
4.2857,4.6122,2.5999
4.2857,4.9388,3.0698
4.2857,5.2653,3.5943
4.2857,5.5918,4.1727
4.2857,5.9184,4.8016
4.2857,6.2449,5.4755
4.2857,6.5714,6.1861
4.2857,6.898,6.922
4.2857,7.2245,7.6689
4.2857,7.551,8.4096
4.2857,7.8776,9.1247
4.2857,8.2041,9.7933
4.2857,8.5306,10.393
4.2857,8.8571,10.904
4.2857,9.1837,11.306
4.2857,9.5102,11.584
4.2857,9.8367,11.726
4.2857,10.163,11.726
4.2857,10.49,11.584
4.2857,10.816,11.306
4.2857,11.143,10.904
4.2857,11.469,10.393
4.2857,11.796,9.7933
4.2857,12.122,9.1247
4.2857,12.449,8.4096
4.2857,12.776,7.6689
4.2857,13.102,6.922
4.2857,13.429,6.1861
4.2857,13.755,5.4755
4.2857,14.082,4.8016
4.2857,14.408,4.1727
4.2857,14.735,3.5943
4.2857,15.061,3.0698
4.2857,15.388,2.5999
4.2857,15.714,2.184
4.2857,16.041,1.82
4.2857,16.367,1.5048
4.2857,16.694,1.2346
4.2857,17.02,1.0052
4.2857,17.347,0.81222
4.2857,17.673,0.65144
4.2857,18,0.51863
4.6122,2,0.60939
4.6122,2.3265,0.76664
4.6122,2.6531,0.95745
4.6122,2.9796,1.187
4.6122,3.3061,1.4606
4.6122,3.6327,1.7838
4.6122,3.9592,2.1619
4.6122,4.2857,2.5999
4.6122,4.6122,3.102
4.6122,4.9388,3.6713
4.6122,5.2653,4.3093
4.6122,5.5918,5.0155
4.6122,5.9184,5.7866
4.6122,6.2449,6.6165
4.6122,6.5714,7.4954
4.6122,6.898,8.4096
4.6122,7.2245,9.3416
4.6122,7.551,10.27
4.6122,7.8776,11.17
4.6122,8.2041,12.015
4.6122,8.5306,12.777
4.6122,8.8571,13.426
4.6122,9.1837,13.939
4.6122,9.5102,14.294
4.6122,9.8367,14.476
4.6122,10.163,14.476
4.6122,10.49,14.294
4.6122,10.816,13.939
4.6122,11.143,13.426
4.6122,11.469,12.777
4.6122,11.796,12.015
4.6122,12.122,11.17
4.6122,12.449,10.27
4.6122,12.776,9.3416
4.6122,13.102,8.4096
4.6122,13.429,7.4954
4.6122,13.755,6.6165
4.6122,14.082,5.7866
4.6122,14.408,5.0155
4.6122,14.735,4.3093
4.6122,15.061,3.6713
4.6122,15.388,3.102
4.6122,15.714,2.5999
4.6122,16.041,2.1619
4.6122,16.367,1.7838
4.6122,16.694,1.4606
4.6122,17.02,1.187
4.6122,17.347,0.95745
4.6122,17.673,0.76664
4.6122,18,0.60939
4.9388,2,0.70998
4.9388,2.3265,0.8946
4.9388,2.6531,1.1191
4.9388,2.9796,1.3899
4.9388,3.3061,1.7135
4.9388,3.6327,2.0969
4.9388,3.9592,2.5468
4.9388,4.2857,3.0698
4.9388,4.6122,3.6713
4.9388,4.9388,4.356
4.9388,5.2653,5.1264
4.9388,5.5918,5.9827
4.9388,5.9184,6.922
4.9388,6.2449,7.9376
4.9388,6.5714,9.0185
4.9388,6.898,10.148
4.9388,7.2245,11.306
4.9388,7.551,12.465
4.9388,7.8776,13.595
4.9388,8.2041,14.66
4.9388,8.5306,15.624
4.9388,8.8571,16.449
4.9388,9.1837,17.103
4.9388,9.5102,17.557
4.9388,9.8367,17.789
4.9388,10.163,17.789
4.9388,10.49,17.557
4.9388,10.816,17.103
4.9388,11.143,16.449
4.9388,11.469,15.624
4.9388,11.796,14.66
4.9388,12.122,13.595
4.9388,12.449,12.465
4.9388,12.776,11.306
4.9388,13.102,10.148
4.9388,13.429,9.0185
4.9388,13.755,7.9376
4.9388,14.082,6.922
4.9388,14.408,5.9827
4.9388,14.735,5.1264
4.9388,15.061,4.356
4.9388,15.388,3.6713
4.9388,15.714,3.0698
4.9388,16.041,2.5468
4.9388,16.367,2.0969
4.9388,16.694,1.7135
4.9388,17.02,1.3899
4.9388,17.347,1.1191
4.9388,17.673,0.8946
4.9388,18,0.70998
5.2653,2,0.82009
5.2653,2.3265,1.035
5.2653,2.6531,1.2969
5.2653,2.9796,1.6136
5.2653,3.3061,1.9932
5.2653,3.6327,2.4442
5.2653,3.9592,2.9751
5.2653,4.2857,3.5943
5.2653,4.6122,4.3093
5.2653,4.9388,5.1264
5.2653,5.2653,6.0497
5.2653,5.5918,7.0806
5.2653,5.9184,8.2171
5.2653,6.2449,9.4523
5.2653,6.5714,10.774
5.2653,6.898,12.163
5.2653,7.2245,13.595
5.2653,7.551,15.037
5.2653,7.8776,16.449
5.2653,8.2041,17.789
5.2653,8.5306,19.007
5.2653,8.8571,20.056
5.2653,9.1837,20.889
5.2653,9.5102,21.468
5.2653,9.8367,21.765
5.2653,10.163,21.765
5.2653,10.49,21.468
5.2653,10.816,20.889
5.2653,11.143,20.056
5.2653,11.469,19.007
5.2653,11.796,17.789
5.2653,12.122,16.449
5.2653,12.449,15.037
5.2653,12.776,13.595
5.2653,13.102,12.163
5.2653,13.429,10.774
5.2653,13.755,9.4523
5.2653,14.082,8.2171
5.2653,14.408,7.0806
5.2653,14.735,6.0497
5.2653,15.061,5.1264
5.2653,15.388,4.3093
5.2653,15.714,3.5943
5.2653,16.041,2.9751
5.2653,16.367,2.4442
5.2653,16.694,1.9932
5.2653,17.02,1.6136
5.2653,17.347,1.2969
5.2653,17.673,1.035
5.2653,18,0.82009
5.5918,2,0.93903
5.5918,2.3265,1.187
5.5918,2.6531,1.4899
5.5918,2.9796,1.8571
5.5918,3.3061,2.2984
5.5918,3.6327,2.8243
5.5918,3.9592,3.4456
5.5918,4.2857,4.1727
5.5918,4.6122,5.0155
5.5918,4.9388,5.9827
5.5918,5.2653,7.0806
5.5918,5.5918,8.3127
5.5918,5.9184,9.678
5.5918,6.2449,11.17
5.5918,6.5714,12.777
5.5918,6.898,14.476
5.5918,7.2245,16.238
5.5918,7.551,18.025
5.5918,7.8776,19.787
5.5918,8.2041,21.468
5.5918,8.5306,23.007
5.5918,8.8571,24.338
5.5918,9.1837,25.401
5.5918,9.5102,26.142
5.5918,9.8367,26.523
5.5918,10.163,26.523
5.5918,10.49,26.142
5.5918,10.816,25.401
5.5918,11.143,24.338
5.5918,11.469,23.007
5.5918,11.796,21.468
5.5918,12.122,19.787
5.5918,12.449,18.025
5.5918,12.776,16.238
5.5918,13.102,14.476
5.5918,13.429,12.777
5.5918,13.755,11.17
5.5918,14.082,9.678
5.5918,14.408,8.3127
5.5918,14.735,7.0806
5.5918,15.061,5.9827
5.5918,15.388,5.0155
5.5918,15.714,4.1727
5.5918,16.041,3.4456
5.5918,16.367,2.8243
5.5918,16.694,2.2984
5.5918,17.02,1.8571
5.5918,17.347,1.4899
5.5918,17.673,1.187
5.5918,18,0.93903
5.9184,2,1.0657
5.9184,2.3265,1.3492
5.9184,2.6531,1.6964
5.9184,2.9796,2.1183
5.9184,3.3061,2.6269
5.9184,3.6327,3.2348
5.9184,3.9592,3.9552
5.9184,4.2857,4.8016
5.9184,4.6122,5.7866
5.9184,4.9388,6.922
5.9184,5.2653,8.2171
5.9184,5.5918,9.678
5.9184,5.9184,11.306
5.9184,6.2449,13.097
5.9184,6.5714,15.037
5.9184,6.898,17.103
5.9184,7.2245,19.263
5.9184,7.551,21.468
5.9184,7.8776,23.66
5.9184,8.2041,25.768
5.9184,8.5306,27.71
5.9184,8.8571,29.402
5.9184,9.1837,30.759
5.9184,9.5102,31.711
5.9184,9.8367,32.201
5.9184,10.163,32.201
5.9184,10.49,31.711
5.9184,10.816,30.759
5.9184,11.143,29.402
5.9184,11.469,27.71
5.9184,11.796,25.768
5.9184,12.122,23.66
5.9184,12.449,21.468
5.9184,12.776,19.263
5.9184,13.102,17.103
5.9184,13.429,15.037
5.9184,13.755,13.097
5.9184,14.082,11.306
5.9184,14.408,9.678
5.9184,14.735,8.2171
5.9184,15.061,6.922
5.9184,15.388,5.7866
5.9184,15.714,4.8016
5.9184,16.041,3.9552
5.9184,16.367,3.2348
5.9184,16.694,2.6269
5.9184,17.02,2.1183
5.9184,17.347,1.6964
5.9184,17.673,1.3492
5.9184,18,1.0657
6.2449,2,1.1987
6.2449,2.3265,1.5199
6.2449,2.6531,1.9142
6.2449,2.9796,2.3945
6.2449,3.3061,2.9751
6.2449,3.6327,3.6713
6.2449,3.9592,4.4993
6.2449,4.2857,5.4755
6.2449,4.6122,6.6165
6.2449,4.9388,7.9376
6.2449,5.2653,9.4523
6.2449,5.5918,11.17
6.2449,5.9184,13.097
6.2449,6.2449,15.229
6.2449,6.5714,17.557
6.2449,6.898,20.056
6.2449,7.2245,22.688
6.2449,7.551,25.401
6.2449,7.8776,28.121
6.2449,8.2041,30.759
6.2449,8.5306,33.212
6.2449,8.8571,35.365
6.2449,9.1837,37.106
6.2449,9.5102,38.331
6.2449,9.8367,38.965
6.2449,10.163,38.965
6.2449,10.49,38.331
6.2449,10.816,37.106
6.2449,11.143,35.365
6.2449,11.469,33.212
6.2449,11.796,30.759
6.2449,12.122,28.121
6.2449,12.449,25.401
6.2449,12.776,22.688
6.2449,13.102,20.056
6.2449,13.429,17.557
6.2449,13.755,15.229
6.2449,14.082,13.097
6.2449,14.408,11.17
6.2449,14.735,9.4523
6.2449,15.061,7.9376
6.2449,15.388,6.6165
6.2449,15.714,5.4755
6.2449,16.041,4.4993
6.2449,16.367,3.6713
6.2449,16.694,2.9751
6.2449,17.02,2.3945
6.2449,17.347,1.9142
6.2449,17.673,1.5199
6.2449,18,1.1987
6.5714,2,1.3359
6.5714,2.3265,1.6964
6.5714,2.6531,2.14
6.5714,2.9796,2.6817
6.5714,3.3061,3.3384
6.5714,3.6327,4.1282
6.5714,3.9592,5.0706
6.5714,4.2857,6.1861
6.5714,4.6122,7.4954
6.5714,4.9388,9.0185
6.5714,5.2653,10.774
6.5714,5.5918,12.777
6.5714,5.9184,15.037
6.5714,6.2449,17.557
6.5714,6.5714,20.329
6.5714,6.898,23.331
6.5714,7.2245,26.523
6.5714,7.551,29.845
6.5714,7.8776,33.212
6.5714,8.2041,36.513
6.5714,8.5306,39.614
6.5714,8.8571,42.363
6.5714,9.1837,44.604
6.5714,9.5102,46.193
6.5714,9.8367,47.018
6.5714,10.163,47.018
6.5714,10.49,46.193
6.5714,10.816,44.604
6.5714,11.143,42.363
6.5714,11.469,39.614
6.5714,11.796,36.513
6.5714,12.122,33.212
6.5714,12.449,29.845
6.5714,12.776,26.523
6.5714,13.102,23.331
6.5714,13.429,20.329
6.5714,13.755,17.557
6.5714,14.082,15.037
6.5714,14.408,12.777
6.5714,14.735,10.774
6.5714,15.061,9.0185
6.5714,15.388,7.4954
6.5714,15.714,6.1861
6.5714,16.041,5.0706
6.5714,16.367,4.1282
6.5714,16.694,3.3384
6.5714,17.02,2.6817
6.5714,17.347,2.14
6.5714,17.673,1.6964
6.5714,18,1.3359
6.898,2,1.4752
6.898,2.3265,1.8759
6.898,2.6531,2.3701
6.898,2.9796,2.9751
6.898,3.3061,3.7105
6.898,3.6327,4.5977
6.898,3.9592,5.6599
6.898,4.2857,6.922
6.898,4.6122,8.4096
6.898,4.9388,10.148
6.898,5.2653,12.163
6.898,5.5918,14.476
6.898,5.9184,17.103
6.898,6.2449,20.056
6.898,6.5714,23.331
6.898,6.898,26.911
6.898,7.2245,30.759
6.898,7.551,34.81
6.898,7.8776,38.965
6.898,8.2041,43.092
6.898,8.5306,47.018
6.898,8.8571,50.543
6.898,9.1837,53.448
6.898,9.5102,55.526
6.898,9.8367,56.612
6.898,10.163,56.612
6.898,10.49,55.526
6.898,10.816,53.448
6.898,11.143,50.543
6.898,11.469,47.018
6.898,11.796,43.092
6.898,12.122,38.965
6.898,12.449,34.81
6.898,12.776,30.759
6.898,13.102,26.911
6.898,13.429,23.331
6.898,13.755,20.056
6.898,14.082,17.103
6.898,14.408,14.476
6.898,14.735,12.163
6.898,15.061,10.148
6.898,15.388,8.4096
6.898,15.714,6.922
6.898,16.041,5.6599
6.898,16.367,4.5977
6.898,16.694,3.7105
6.898,17.02,2.9751
6.898,17.347,2.3701
6.898,17.673,1.8759
6.898,18,1.4752
7.2245,2,1.6136
7.2245,2.3265,2.0548
7.2245,2.6531,2.5999
7.2245,2.9796,3.2689
7.2245,3.3061,4.0842
7.2245,3.6327,5.0706
7.2245,3.9592,6.2556
7.2245,4.2857,7.6689
7.2245,4.6122,9.3416
7.2245,4.9388,11.306
7.2245,5.2653,13.595
7.2245,5.5918,16.238
7.2245,5.9184,19.263
7.2245,6.2449,22.688
7.2245,6.5714,26.523
7.2245,6.898,30.759
7.2245,7.2245,35.365
7.2245,7.551,40.277
7.2245,7.8776,45.389
7.2245,8.2041,50.543
7.2245,8.5306,55.526
7.2245,8.8571,60.07
7.2245,9.1837,63.87
7.2245,9.5102,66.619
7.2245,9.8367,68.066
7.2245,10.163,68.066
7.2245,10.49,66.619
7.2245,10.816,63.87
7.2245,11.143,60.07
7.2245,11.469,55.526
7.2245,11.796,50.543
7.2245,12.122,45.389
7.2245,12.449,40.277
7.2245,12.776,35.365
7.2245,13.102,30.759
7.2245,13.429,26.523
7.2245,13.755,22.688
7.2245,14.082,19.263
7.2245,14.408,16.238
7.2245,14.735,13.595
7.2245,15.061,11.306
7.2245,15.388,9.3416
7.2245,15.714,7.6689
7.2245,16.041,6.2556
7.2245,16.367,5.0706
7.2245,16.694,4.0842
7.2245,17.02,3.2689
7.2245,17.347,2.5999
7.2245,17.673,2.0548
7.2245,18,1.6136
7.551,2,1.7483
7.551,2.3265,2.229
7.551,2.6531,2.8243
7.551,2.9796,3.5565
7.551,3.3061,4.4509
7.551,3.6327,5.5362
7.551,3.9592,6.8442
7.551,4.2857,8.4096
7.551,4.6122,10.27
7.551,4.9388,12.465
7.551,5.2653,15.037
7.551,5.5918,18.025
7.551,5.9184,21.468
7.551,6.2449,25.401
7.551,6.5714,29.845
7.551,6.898,34.81
7.551,7.2245,40.277
7.551,7.551,46.193
7.551,7.8776,52.453
7.551,8.2041,58.882
7.551,8.5306,65.221
7.551,8.8571,71.119
7.551,9.1837,76.145
7.551,9.5102,79.841
7.551,9.8367,81.807
7.551,10.163,81.807
7.551,10.49,79.841
7.551,10.816,76.145
7.551,11.143,71.119
7.551,11.469,65.221
7.551,11.796,58.882
7.551,12.122,52.453
7.551,12.449,46.193
7.551,12.776,40.277
7.551,13.102,34.81
7.551,13.429,29.845
7.551,13.755,25.401
7.551,14.082,21.468
7.551,14.408,18.025
7.551,14.735,15.037
7.551,15.061,12.465
7.551,15.388,10.27
7.551,15.714,8.4096
7.551,16.041,6.8442
7.551,16.367,5.5362
7.551,16.694,4.4509
7.551,17.02,3.5565
7.551,17.347,2.8243
7.551,17.673,2.229
7.551,18,1.7483
7.8776,2,1.8759
7.8776,2.3265,2.3945
7.8776,2.6531,3.0379
7.8776,2.9796,3.8307
7.8776,3.3061,4.8016
7.8776,3.6327,5.9827
7.8776,3.9592,7.4103
7.8776,4.2857,9.1247
7.8776,4.6122,11.17
7.8776,4.9388,13.595
7.8776,5.2653,16.449
7.8776,5.5918,19.787
7.8776,5.9184,23.66
7.8776,6.2449,28.121
7.8776,6.5714,33.212
7.8776,6.898,38.965
7.8776,7.2245,45.389
7.8776,7.551,52.453
7.8776,7.8776,60.07
7.8776,8.2041,68.066
7.8776,8.5306,76.145
7.8776,8.8571,83.86
7.8776,9.1837,90.606
7.8776,9.5102,95.679
7.8776,9.8367,98.421
7.8776,10.163,98.421
7.8776,10.49,95.679
7.8776,10.816,90.606
7.8776,11.143,83.86
7.8776,11.469,76.145
7.8776,11.796,68.066
7.8776,12.122,60.07
7.8776,12.449,52.453
7.8776,12.776,45.389
7.8776,13.102,38.965
7.8776,13.429,33.212
7.8776,13.755,28.121
7.8776,14.082,23.66
7.8776,14.408,19.787
7.8776,14.735,16.449
7.8776,15.061,13.595
7.8776,15.388,11.17
7.8776,15.714,9.1247
7.8776,16.041,7.4103
7.8776,16.367,5.9827
7.8776,16.694,4.8016
7.8776,17.02,3.8307
7.8776,17.347,3.0379
7.8776,17.673,2.3945
7.8776,18,1.8759
8.2041,2,1.9932
8.2041,2.3265,2.5468
8.2041,2.6531,3.2348
8.2041,2.9796,4.0842
8.2041,3.3061,5.1264
8.2041,3.6327,6.3973
8.2041,3.9592,7.9376
8.2041,4.2857,9.7933
8.2041,4.6122,12.015
8.2041,4.9388,14.66
8.2041,5.2653,17.789
8.2041,5.5918,21.468
8.2041,5.9184,25.768
8.2041,6.2449,30.759
8.2041,6.5714,36.513
8.2041,6.898,43.092
8.2041,7.2245,50.543
8.2041,7.551,58.882
8.2041,7.8776,68.066
8.2041,8.2041,77.956
8.2041,8.5306,88.251
8.2041,8.8571,98.421
8.2041,9.1837,107.64
8.2041,9.5102,114.8
8.2041,9.8367,118.76
8.2041,10.163,118.76
8.2041,10.49,114.8
8.2041,10.816,107.64
8.2041,11.143,98.421
8.2041,11.469,88.251
8.2041,11.796,77.956
8.2041,12.122,68.066
8.2041,12.449,58.882
8.2041,12.776,50.543
8.2041,13.102,43.092
8.2041,13.429,36.513
8.2041,13.755,30.759
8.2041,14.082,25.768
8.2041,14.408,21.468
8.2041,14.735,17.789
8.2041,15.061,14.66
8.2041,15.388,12.015
8.2041,15.714,9.7933
8.2041,16.041,7.9376
8.2041,16.367,6.3973
8.2041,16.694,5.1264
8.2041,17.02,4.0842
8.2041,17.347,3.2348
8.2041,17.673,2.5468
8.2041,18,1.9932
8.5306,2,2.0969
8.5306,2.3265,2.6817
8.5306,2.6531,3.4094
8.5306,2.9796,4.3093
8.5306,3.3061,5.4156
8.5306,3.6327,6.7673
8.5306,3.9592,8.4096
8.5306,4.2857,10.393
8.5306,4.6122,12.777
8.5306,4.9388,15.624
8.5306,5.2653,19.007
8.5306,5.5918,23.007
8.5306,5.9184,27.71
8.5306,6.2449,33.212
8.5306,6.5714,39.614
8.5306,6.898,47.018
8.5306,7.2245,55.526
8.5306,7.551,65.221
8.5306,7.8776,76.145
8.5306,8.2041,88.251
8.5306,8.5306,101.32
8.5306,8.8571,114.8
8.5306,9.1837,127.64
8.5306,9.5102,138.13
8.5306,9.8367,144.16
8.5306,10.163,144.16
8.5306,10.49,138.13
8.5306,10.816,127.64
8.5306,11.143,114.8
8.5306,11.469,101.32
8.5306,11.796,88.251
8.5306,12.122,76.145
8.5306,12.449,65.221
8.5306,12.776,55.526
8.5306,13.102,47.018
8.5306,13.429,39.614
8.5306,13.755,33.212
8.5306,14.082,27.71
8.5306,14.408,23.007
8.5306,14.735,19.007
8.5306,15.061,15.624
8.5306,15.388,12.777
8.5306,15.714,10.393
8.5306,16.041,8.4096
8.5306,16.367,6.7673
8.5306,16.694,5.4156
8.5306,17.02,4.3093
8.5306,17.347,3.4094
8.5306,17.673,2.6817
8.5306,18,2.0969
8.8571,2,2.184
8.8571,2.3265,2.7952
8.8571,2.6531,3.5565
8.8571,2.9796,4.4993
8.8571,3.3061,5.6599
8.8571,3.6327,7.0806
8.8571,3.9592,8.8101
8.8571,4.2857,10.904
8.8571,4.6122,13.426
8.8571,4.9388,16.449
8.8571,5.2653,20.056
8.8571,5.5918,24.338
8.8571,5.9184,29.402
8.8571,6.2449,35.365
8.8571,6.5714,42.363
8.8571,6.898,50.543
8.8571,7.2245,60.07
8.8571,7.551,71.119
8.8571,7.8776,83.86
8.8571,8.2041,98.421
8.8571,8.5306,114.8
8.8571,8.8571,132.65
8.8571,9.1837,150.87
8.8571,9.5102,166.97
8.8571,9.8367,176.89
8.8571,10.163,176.89
8.8571,10.49,166.97
8.8571,10.816,150.87
8.8571,11.143,132.65
8.8571,11.469,114.8
8.8571,11.796,98.421
8.8571,12.122,83.86
8.8571,12.449,71.119
8.8571,12.776,60.07
8.8571,13.102,50.543
8.8571,13.429,42.363
8.8571,13.755,35.365
8.8571,14.082,29.402
8.8571,14.408,24.338
8.8571,14.735,20.056
8.8571,15.061,16.449
8.8571,15.388,13.426
8.8571,15.714,10.904
8.8571,16.041,8.8101
8.8571,16.367,7.0806
8.8571,16.694,5.6599
8.8571,17.02,4.4993
8.8571,17.347,3.5565
8.8571,17.673,2.7952
8.8571,18,2.184
9.1837,2,2.2519
9.1837,2.3265,2.8836
9.1837,2.6531,3.6713
9.1837,2.9796,4.6477
9.1837,3.3061,5.8512
9.1837,3.6327,7.3263
9.1837,3.9592,9.1247
9.1837,4.2857,11.306
9.1837,4.6122,13.939
9.1837,4.9388,17.103
9.1837,5.2653,20.889
9.1837,5.5918,25.401
9.1837,5.9184,30.759
9.1837,6.2449,37.106
9.1837,6.5714,44.604
9.1837,6.898,53.448
9.1837,7.2245,63.87
9.1837,7.551,76.145
9.1837,7.8776,90.606
9.1837,8.2041,107.64
9.1837,8.5306,127.64
9.1837,8.8571,150.87
9.1837,9.1837,176.89
9.1837,9.5102,202.98
9.1837,9.8367,221.33
9.1837,10.163,221.33
9.1837,10.49,202.98
9.1837,10.816,176.89
9.1837,11.143,150.87
9.1837,11.469,127.64
9.1837,11.796,107.64
9.1837,12.122,90.606
9.1837,12.449,76.145
9.1837,12.776,63.87
9.1837,13.102,53.448
9.1837,13.429,44.604
9.1837,13.755,37.106
9.1837,14.082,30.759
9.1837,14.408,25.401
9.1837,14.735,20.889
9.1837,15.061,17.103
9.1837,15.388,13.939
9.1837,15.714,11.306
9.1837,16.041,9.1247
9.1837,16.367,7.3263
9.1837,16.694,5.8512
9.1837,17.02,4.6477
9.1837,17.347,3.6713
9.1837,17.673,2.8836
9.1837,18,2.2519
9.5102,2,2.2984
9.5102,2.3265,2.9443
9.5102,2.6531,3.7501
9.5102,2.9796,4.7497
9.5102,3.3061,5.9827
9.5102,3.6327,7.4954
9.5102,3.9592,9.3416
9.5102,4.2857,11.584
9.5102,4.6122,14.294
9.5102,4.9388,17.557
9.5102,5.2653,21.468
9.5102,5.5918,26.142
9.5102,5.9184,31.711
9.5102,6.2449,38.331
9.5102,6.5714,46.193
9.5102,6.898,55.526
9.5102,7.2245,66.619
9.5102,7.551,79.841
9.5102,7.8776,95.679
9.5102,8.2041,114.8
9.5102,8.5306,138.13
9.5102,8.8571,166.97
9.5102,9.1837,202.98
9.5102,9.5102,246.67
9.5102,9.8367,287.5
9.5102,10.163,287.5
9.5102,10.49,246.67
9.5102,10.816,202.98
9.5102,11.143,166.97
9.5102,11.469,138.13
9.5102,11.796,114.8
9.5102,12.122,95.679
9.5102,12.449,79.841
9.5102,12.776,66.619
9.5102,13.102,55.526
9.5102,13.429,46.193
9.5102,13.755,38.331
9.5102,14.082,31.711
9.5102,14.408,26.142
9.5102,14.735,21.468
9.5102,15.061,17.557
9.5102,15.388,14.294
9.5102,15.714,11.584
9.5102,16.041,9.3416
9.5102,16.367,7.4954
9.5102,16.694,5.9827
9.5102,17.02,4.7497
9.5102,17.347,3.7501
9.5102,17.673,2.9443
9.5102,18,2.2984
9.8367,2,2.322
9.8367,2.3265,2.9751
9.8367,2.6531,3.7902
9.8367,2.9796,4.8016
9.8367,3.3061,6.0497
9.8367,3.6327,7.5816
9.8367,3.9592,9.4523
9.8367,4.2857,11.726
9.8367,4.6122,14.476
9.8367,4.9388,17.789
9.8367,5.2653,21.765
9.8367,5.5918,26.523
9.8367,5.9184,32.201
9.8367,6.2449,38.965
9.8367,6.5714,47.018
9.8367,6.898,56.612
9.8367,7.2245,68.066
9.8367,7.551,81.807
9.8367,7.8776,98.421
9.8367,8.2041,118.76
9.8367,8.5306,144.16
9.8367,8.8571,176.89
9.8367,9.1837,221.33
9.8367,9.5102,287.5
9.8367,9.8367,400.21
9.8367,10.163,400.21
9.8367,10.49,287.5
9.8367,10.816,221.33
9.8367,11.143,176.89
9.8367,11.469,144.16
9.8367,11.796,118.76
9.8367,12.122,98.421
9.8367,12.449,81.807
9.8367,12.776,68.066
9.8367,13.102,56.612
9.8367,13.429,47.018
9.8367,13.755,38.965
9.8367,14.082,32.201
9.8367,14.408,26.523
9.8367,14.735,21.765
9.8367,15.061,17.789
9.8367,15.388,14.476
9.8367,15.714,11.726
9.8367,16.041,9.4523
9.8367,16.367,7.5816
9.8367,16.694,6.0497
9.8367,17.02,4.8016
9.8367,17.347,3.7902
9.8367,17.673,2.9751
9.8367,18,2.322
10.163,2,2.322
10.163,2.3265,2.9751
10.163,2.6531,3.7902
10.163,2.9796,4.8016
10.163,3.3061,6.0497
10.163,3.6327,7.5816
10.163,3.9592,9.4523
10.163,4.2857,11.726
10.163,4.6122,14.476
10.163,4.9388,17.789
10.163,5.2653,21.765
10.163,5.5918,26.523
10.163,5.9184,32.201
10.163,6.2449,38.965
10.163,6.5714,47.018
10.163,6.898,56.612
10.163,7.2245,68.066
10.163,7.551,81.807
10.163,7.8776,98.421
10.163,8.2041,118.76
10.163,8.5306,144.16
10.163,8.8571,176.89
10.163,9.1837,221.33
10.163,9.5102,287.5
10.163,9.8367,400.21
10.163,10.163,400.21
10.163,10.49,287.5
10.163,10.816,221.33
10.163,11.143,176.89
10.163,11.469,144.16
10.163,11.796,118.76
10.163,12.122,98.421
10.163,12.449,81.807
10.163,12.776,68.066
10.163,13.102,56.612
10.163,13.429,47.018
10.163,13.755,38.965
10.163,14.082,32.201
10.163,14.408,26.523
10.163,14.735,21.765
10.163,15.061,17.789
10.163,15.388,14.476
10.163,15.714,11.726
10.163,16.041,9.4523
10.163,16.367,7.5816
10.163,16.694,6.0497
10.163,17.02,4.8016
10.163,17.347,3.7902
10.163,17.673,2.9751
10.163,18,2.322
10.49,2,2.2984
10.49,2.3265,2.9443
10.49,2.6531,3.7501
10.49,2.9796,4.7497
10.49,3.3061,5.9827
10.49,3.6327,7.4954
10.49,3.9592,9.3416
10.49,4.2857,11.584
10.49,4.6122,14.294
10.49,4.9388,17.557
10.49,5.2653,21.468
10.49,5.5918,26.142
10.49,5.9184,31.711
10.49,6.2449,38.331
10.49,6.5714,46.193
10.49,6.898,55.526
10.49,7.2245,66.619
10.49,7.551,79.841
10.49,7.8776,95.679
10.49,8.2041,114.8
10.49,8.5306,138.13
10.49,8.8571,166.97
10.49,9.1837,202.98
10.49,9.5102,246.67
10.49,9.8367,287.5
10.49,10.163,287.5
10.49,10.49,246.67
10.49,10.816,202.98
10.49,11.143,166.97
10.49,11.469,138.13
10.49,11.796,114.8
10.49,12.122,95.679
10.49,12.449,79.841
10.49,12.776,66.619
10.49,13.102,55.526
10.49,13.429,46.193
10.49,13.755,38.331
10.49,14.082,31.711
10.49,14.408,26.142
10.49,14.735,21.468
10.49,15.061,17.557
10.49,15.388,14.294
10.49,15.714,11.584
10.49,16.041,9.3416
10.49,16.367,7.4954
10.49,16.694,5.9827
10.49,17.02,4.7497
10.49,17.347,3.7501
10.49,17.673,2.9443
10.49,18,2.2984
10.816,2,2.2519
10.816,2.3265,2.8836
10.816,2.6531,3.6713
10.816,2.9796,4.6477
10.816,3.3061,5.8512
10.816,3.6327,7.3263
10.816,3.9592,9.1247
10.816,4.2857,11.306
10.816,4.6122,13.939
10.816,4.9388,17.103
10.816,5.2653,20.889
10.816,5.5918,25.401
10.816,5.9184,30.759
10.816,6.2449,37.106
10.816,6.5714,44.604
10.816,6.898,53.448
10.816,7.2245,63.87
10.816,7.551,76.145
10.816,7.8776,90.606
10.816,8.2041,107.64
10.816,8.5306,127.64
10.816,8.8571,150.87
10.816,9.1837,176.89
10.816,9.5102,202.98
10.816,9.8367,221.33
10.816,10.163,221.33
10.816,10.49,202.98
10.816,10.816,176.89
10.816,11.143,150.87
10.816,11.469,127.64
10.816,11.796,107.64
10.816,12.122,90.606
10.816,12.449,76.145
10.816,12.776,63.87
10.816,13.102,53.448
10.816,13.429,44.604
10.816,13.755,37.106
10.816,14.082,30.759
10.816,14.408,25.401
10.816,14.735,20.889
10.816,15.061,17.103
10.816,15.388,13.939
10.816,15.714,11.306
10.816,16.041,9.1247
10.816,16.367,7.3263
10.816,16.694,5.8512
10.816,17.02,4.6477
10.816,17.347,3.6713
10.816,17.673,2.8836
10.816,18,2.2519
11.143,2,2.184
11.143,2.3265,2.7952
11.143,2.6531,3.5565
11.143,2.9796,4.4993
11.143,3.3061,5.6599
11.143,3.6327,7.0806
11.143,3.9592,8.8101
11.143,4.2857,10.904
11.143,4.6122,13.426
11.143,4.9388,16.449
11.143,5.2653,20.056
11.143,5.5918,24.338
11.143,5.9184,29.402
11.143,6.2449,35.365
11.143,6.5714,42.363
11.143,6.898,50.543
11.143,7.2245,60.07
11.143,7.551,71.119
11.143,7.8776,83.86
11.143,8.2041,98.421
11.143,8.5306,114.8
11.143,8.8571,132.65
11.143,9.1837,150.87
11.143,9.5102,166.97
11.143,9.8367,176.89
11.143,10.163,176.89
11.143,10.49,166.97
11.143,10.816,150.87
11.143,11.143,132.65
11.143,11.469,114.8
11.143,11.796,98.421
11.143,12.122,83.86
11.143,12.449,71.119
11.143,12.776,60.07
11.143,13.102,50.543
11.143,13.429,42.363
11.143,13.755,35.365
11.143,14.082,29.402
11.143,14.408,24.338
11.143,14.735,20.056
11.143,15.061,16.449
11.143,15.388,13.426
11.143,15.714,10.904
11.143,16.041,8.8101
11.143,16.367,7.0806
11.143,16.694,5.6599
11.143,17.02,4.4993
11.143,17.347,3.5565
11.143,17.673,2.7952
11.143,18,2.184
11.469,2,2.0969
11.469,2.3265,2.6817
11.469,2.6531,3.4094
11.469,2.9796,4.3093
11.469,3.3061,5.4156
11.469,3.6327,6.7673
11.469,3.9592,8.4096
11.469,4.2857,10.393
11.469,4.6122,12.777
11.469,4.9388,15.624
11.469,5.2653,19.007
11.469,5.5918,23.007
11.469,5.9184,27.71
11.469,6.2449,33.212
11.469,6.5714,39.614
11.469,6.898,47.018
11.469,7.2245,55.526
11.469,7.551,65.221
11.469,7.8776,76.145
11.469,8.2041,88.251
11.469,8.5306,101.32
11.469,8.8571,114.8
11.469,9.1837,127.64
11.469,9.5102,138.13
11.469,9.8367,144.16
11.469,10.163,144.16
11.469,10.49,138.13
11.469,10.816,127.64
11.469,11.143,114.8
11.469,11.469,101.32
11.469,11.796,88.251
11.469,12.122,76.145
11.469,12.449,65.221
11.469,12.776,55.526
11.469,13.102,47.018
11.469,13.429,39.614
11.469,13.755,33.212
11.469,14.082,27.71
11.469,14.408,23.007
11.469,14.735,19.007
11.469,15.061,15.624
11.469,15.388,12.777
11.469,15.714,10.393
11.469,16.041,8.4096
11.469,16.367,6.7673
11.469,16.694,5.4156
11.469,17.02,4.3093
11.469,17.347,3.4094
11.469,17.673,2.6817
11.469,18,2.0969
11.796,2,1.9932
11.796,2.3265,2.5468
11.796,2.6531,3.2348
11.796,2.9796,4.0842
11.796,3.3061,5.1264
11.796,3.6327,6.3973
11.796,3.9592,7.9376
11.796,4.2857,9.7933
11.796,4.6122,12.015
11.796,4.9388,14.66
11.796,5.2653,17.789
11.796,5.5918,21.468
11.796,5.9184,25.768
11.796,6.2449,30.759
11.796,6.5714,36.513
11.796,6.898,43.092
11.796,7.2245,50.543
11.796,7.551,58.882
11.796,7.8776,68.066
11.796,8.2041,77.956
11.796,8.5306,88.251
11.796,8.8571,98.421
11.796,9.1837,107.64
11.796,9.5102,114.8
11.796,9.8367,118.76
11.796,10.163,118.76
11.796,10.49,114.8
11.796,10.816,107.64
11.796,11.143,98.421
11.796,11.469,88.251
11.796,11.796,77.956
11.796,12.122,68.066
11.796,12.449,58.882
11.796,12.776,50.543
11.796,13.102,43.092
11.796,13.429,36.513
11.796,13.755,30.759
11.796,14.082,25.768
11.796,14.408,21.468
11.796,14.735,17.789
11.796,15.061,14.66
11.796,15.388,12.015
11.796,15.714,9.7933
11.796,16.041,7.9376
11.796,16.367,6.3973
11.796,16.694,5.1264
11.796,17.02,4.0842
11.796,17.347,3.2348
11.796,17.673,2.5468
11.796,18,1.9932
12.122,2,1.8759
12.122,2.3265,2.3945
12.122,2.6531,3.0379
12.122,2.9796,3.8307
12.122,3.3061,4.8016
12.122,3.6327,5.9827
12.122,3.9592,7.4103
12.122,4.2857,9.1247
12.122,4.6122,11.17
12.122,4.9388,13.595
12.122,5.2653,16.449
12.122,5.5918,19.787
12.122,5.9184,23.66
12.122,6.2449,28.121
12.122,6.5714,33.212
12.122,6.898,38.965
12.122,7.2245,45.389
12.122,7.551,52.453
12.122,7.8776,60.07
12.122,8.2041,68.066
12.122,8.5306,76.145
12.122,8.8571,83.86
12.122,9.1837,90.606
12.122,9.5102,95.679
12.122,9.8367,98.421
12.122,10.163,98.421
12.122,10.49,95.679
12.122,10.816,90.606
12.122,11.143,83.86
12.122,11.469,76.145
12.122,11.796,68.066
12.122,12.122,60.07
12.122,12.449,52.453
12.122,12.776,45.389
12.122,13.102,38.965
12.122,13.429,33.212
12.122,13.755,28.121
12.122,14.082,23.66
12.122,14.408,19.787
12.122,14.735,16.449
12.122,15.061,13.595
12.122,15.388,11.17
12.122,15.714,9.1247
12.122,16.041,7.4103
12.122,16.367,5.9827
12.122,16.694,4.8016
12.122,17.02,3.8307
12.122,17.347,3.0379
12.122,17.673,2.3945
12.122,18,1.8759
12.449,2,1.7483
12.449,2.3265,2.229
12.449,2.6531,2.8243
12.449,2.9796,3.5565
12.449,3.3061,4.4509
12.449,3.6327,5.5362
12.449,3.9592,6.8442
12.449,4.2857,8.4096
12.449,4.6122,10.27
12.449,4.9388,12.465
12.449,5.2653,15.037
12.449,5.5918,18.025
12.449,5.9184,21.468
12.449,6.2449,25.401
12.449,6.5714,29.845
12.449,6.898,34.81
12.449,7.2245,40.277
12.449,7.551,46.193
12.449,7.8776,52.453
12.449,8.2041,58.882
12.449,8.5306,65.221
12.449,8.8571,71.119
12.449,9.1837,76.145
12.449,9.5102,79.841
12.449,9.8367,81.807
12.449,10.163,81.807
12.449,10.49,79.841
12.449,10.816,76.145
12.449,11.143,71.119
12.449,11.469,65.221
12.449,11.796,58.882
12.449,12.122,52.453
12.449,12.449,46.193
12.449,12.776,40.277
12.449,13.102,34.81
12.449,13.429,29.845
12.449,13.755,25.401
12.449,14.082,21.468
12.449,14.408,18.025
12.449,14.735,15.037
12.449,15.061,12.465
12.449,15.388,10.27
12.449,15.714,8.4096
12.449,16.041,6.8442
12.449,16.367,5.5362
12.449,16.694,4.4509
12.449,17.02,3.5565
12.449,17.347,2.8243
12.449,17.673,2.229
12.449,18,1.7483
12.776,2,1.6136
12.776,2.3265,2.0548
12.776,2.6531,2.5999
12.776,2.9796,3.2689
12.776,3.3061,4.0842
12.776,3.6327,5.0706
12.776,3.9592,6.2556
12.776,4.2857,7.6689
12.776,4.6122,9.3416
12.776,4.9388,11.306
12.776,5.2653,13.595
12.776,5.5918,16.238
12.776,5.9184,19.263
12.776,6.2449,22.688
12.776,6.5714,26.523
12.776,6.898,30.759
12.776,7.2245,35.365
12.776,7.551,40.277
12.776,7.8776,45.389
12.776,8.2041,50.543
12.776,8.5306,55.526
12.776,8.8571,60.07
12.776,9.1837,63.87
12.776,9.5102,66.619
12.776,9.8367,68.066
12.776,10.163,68.066
12.776,10.49,66.619
12.776,10.816,63.87
12.776,11.143,60.07
12.776,11.469,55.526
12.776,11.796,50.543
12.776,12.122,45.389
12.776,12.449,40.277
12.776,12.776,35.365
12.776,13.102,30.759
12.776,13.429,26.523
12.776,13.755,22.688
12.776,14.082,19.263
12.776,14.408,16.238
12.776,14.735,13.595
12.776,15.061,11.306
12.776,15.388,9.3416
12.776,15.714,7.6689
12.776,16.041,6.2556
12.776,16.367,5.0706
12.776,16.694,4.0842
12.776,17.02,3.2689
12.776,17.347,2.5999
12.776,17.673,2.0548
12.776,18,1.6136
13.102,2,1.4752
13.102,2.3265,1.8759
13.102,2.6531,2.3701
13.102,2.9796,2.9751
13.102,3.3061,3.7105
13.102,3.6327,4.5977
13.102,3.9592,5.6599
13.102,4.2857,6.922
13.102,4.6122,8.4096
13.102,4.9388,10.148
13.102,5.2653,12.163
13.102,5.5918,14.476
13.102,5.9184,17.103
13.102,6.2449,20.056
13.102,6.5714,23.331
13.102,6.898,26.911
13.102,7.2245,30.759
13.102,7.551,34.81
13.102,7.8776,38.965
13.102,8.2041,43.092
13.102,8.5306,47.018
13.102,8.8571,50.543
13.102,9.1837,53.448
13.102,9.5102,55.526
13.102,9.8367,56.612
13.102,10.163,56.612
13.102,10.49,55.526
13.102,10.816,53.448
13.102,11.143,50.543
13.102,11.469,47.018
13.102,11.796,43.092
13.102,12.122,38.965
13.102,12.449,34.81
13.102,12.776,30.759
13.102,13.102,26.911
13.102,13.429,23.331
13.102,13.755,20.056
13.102,14.082,17.103
13.102,14.408,14.476
13.102,14.735,12.163
13.102,15.061,10.148
13.102,15.388,8.4096
13.102,15.714,6.922
13.102,16.041,5.6599
13.102,16.367,4.5977
13.102,16.694,3.7105
13.102,17.02,2.9751
13.102,17.347,2.3701
13.102,17.673,1.8759
13.102,18,1.4752
13.429,2,1.3359
13.429,2.3265,1.6964
13.429,2.6531,2.14
13.429,2.9796,2.6817
13.429,3.3061,3.3384
13.429,3.6327,4.1282
13.429,3.9592,5.0706
13.429,4.2857,6.1861
13.429,4.6122,7.4954
13.429,4.9388,9.0185
13.429,5.2653,10.774
13.429,5.5918,12.777
13.429,5.9184,15.037
13.429,6.2449,17.557
13.429,6.5714,20.329
13.429,6.898,23.331
13.429,7.2245,26.523
13.429,7.551,29.845
13.429,7.8776,33.212
13.429,8.2041,36.513
13.429,8.5306,39.614
13.429,8.8571,42.363
13.429,9.1837,44.604
13.429,9.5102,46.193
13.429,9.8367,47.018
13.429,10.163,47.018
13.429,10.49,46.193
13.429,10.816,44.604
13.429,11.143,42.363
13.429,11.469,39.614
13.429,11.796,36.513
13.429,12.122,33.212
13.429,12.449,29.845
13.429,12.776,26.523
13.429,13.102,23.331
13.429,13.429,20.329
13.429,13.755,17.557
13.429,14.082,15.037
13.429,14.408,12.777
13.429,14.735,10.774
13.429,15.061,9.0185
13.429,15.388,7.4954
13.429,15.714,6.1861
13.429,16.041,5.0706
13.429,16.367,4.1282
13.429,16.694,3.3384
13.429,17.02,2.6817
13.429,17.347,2.14
13.429,17.673,1.6964
13.429,18,1.3359
13.755,2,1.1987
13.755,2.3265,1.5199
13.755,2.6531,1.9142
13.755,2.9796,2.3945
13.755,3.3061,2.9751
13.755,3.6327,3.6713
13.755,3.9592,4.4993
13.755,4.2857,5.4755
13.755,4.6122,6.6165
13.755,4.9388,7.9376
13.755,5.2653,9.4523
13.755,5.5918,11.17
13.755,5.9184,13.097
13.755,6.2449,15.229
13.755,6.5714,17.557
13.755,6.898,20.056
13.755,7.2245,22.688
13.755,7.551,25.401
13.755,7.8776,28.121
13.755,8.2041,30.759
13.755,8.5306,33.212
13.755,8.8571,35.365
13.755,9.1837,37.106
13.755,9.5102,38.331
13.755,9.8367,38.965
13.755,10.163,38.965
13.755,10.49,38.331
13.755,10.816,37.106
13.755,11.143,35.365
13.755,11.469,33.212
13.755,11.796,30.759
13.755,12.122,28.121
13.755,12.449,25.401
13.755,12.776,22.688
13.755,13.102,20.056
13.755,13.429,17.557
13.755,13.755,15.229
13.755,14.082,13.097
13.755,14.408,11.17
13.755,14.735,9.4523
13.755,15.061,7.9376
13.755,15.388,6.6165
13.755,15.714,5.4755
13.755,16.041,4.4993
13.755,16.367,3.6713
13.755,16.694,2.9751
13.755,17.02,2.3945
13.755,17.347,1.9142
13.755,17.673,1.5199
13.755,18,1.1987
14.082,2,1.0657
14.082,2.3265,1.3492
14.082,2.6531,1.6964
14.082,2.9796,2.1183
14.082,3.3061,2.6269
14.082,3.6327,3.2348
14.082,3.9592,3.9552
14.082,4.2857,4.8016
14.082,4.6122,5.7866
14.082,4.9388,6.922
14.082,5.2653,8.2171
14.082,5.5918,9.678
14.082,5.9184,11.306
14.082,6.2449,13.097
14.082,6.5714,15.037
14.082,6.898,17.103
14.082,7.2245,19.263
14.082,7.551,21.468
14.082,7.8776,23.66
14.082,8.2041,25.768
14.082,8.5306,27.71
14.082,8.8571,29.402
14.082,9.1837,30.759
14.082,9.5102,31.711
14.082,9.8367,32.201
14.082,10.163,32.201
14.082,10.49,31.711
14.082,10.816,30.759
14.082,11.143,29.402
14.082,11.469,27.71
14.082,11.796,25.768
14.082,12.122,23.66
14.082,12.449,21.468
14.082,12.776,19.263
14.082,13.102,17.103
14.082,13.429,15.037
14.082,13.755,13.097
14.082,14.082,11.306
14.082,14.408,9.678
14.082,14.735,8.2171
14.082,15.061,6.922
14.082,15.388,5.7866
14.082,15.714,4.8016
14.082,16.041,3.9552
14.082,16.367,3.2348
14.082,16.694,2.6269
14.082,17.02,2.1183
14.082,17.347,1.6964
14.082,17.673,1.3492
14.082,18,1.0657
14.408,2,0.93903
14.408,2.3265,1.187
14.408,2.6531,1.4899
14.408,2.9796,1.8571
14.408,3.3061,2.2984
14.408,3.6327,2.8243
14.408,3.9592,3.4456
14.408,4.2857,4.1727
14.408,4.6122,5.0155
14.408,4.9388,5.9827
14.408,5.2653,7.0806
14.408,5.5918,8.3127
14.408,5.9184,9.678
14.408,6.2449,11.17
14.408,6.5714,12.777
14.408,6.898,14.476
14.408,7.2245,16.238
14.408,7.551,18.025
14.408,7.8776,19.787
14.408,8.2041,21.468
14.408,8.5306,23.007
14.408,8.8571,24.338
14.408,9.1837,25.401
14.408,9.5102,26.142
14.408,9.8367,26.523
14.408,10.163,26.523
14.408,10.49,26.142
14.408,10.816,25.401
14.408,11.143,24.338
14.408,11.469,23.007
14.408,11.796,21.468
14.408,12.122,19.787
14.408,12.449,18.025
14.408,12.776,16.238
14.408,13.102,14.476
14.408,13.429,12.777
14.408,13.755,11.17
14.408,14.082,9.678
14.408,14.408,8.3127
14.408,14.735,7.0806
14.408,15.061,5.9827
14.408,15.388,5.0155
14.408,15.714,4.1727
14.408,16.041,3.4456
14.408,16.367,2.8243
14.408,16.694,2.2984
14.408,17.02,1.8571
14.408,17.347,1.4899
14.408,17.673,1.187
14.408,18,0.93903
14.735,2,0.82009
14.735,2.3265,1.035
14.735,2.6531,1.2969
14.735,2.9796,1.6136
14.735,3.3061,1.9932
14.735,3.6327,2.4442
14.735,3.9592,2.9751
14.735,4.2857,3.5943
14.735,4.6122,4.3093
14.735,4.9388,5.1264
14.735,5.2653,6.0497
14.735,5.5918,7.0806
14.735,5.9184,8.2171
14.735,6.2449,9.4523
14.735,6.5714,10.774
14.735,6.898,12.163
14.735,7.2245,13.595
14.735,7.551,15.037
14.735,7.8776,16.449
14.735,8.2041,17.789
14.735,8.5306,19.007
14.735,8.8571,20.056
14.735,9.1837,20.889
14.735,9.5102,21.468
14.735,9.8367,21.765
14.735,10.163,21.765
14.735,10.49,21.468
14.735,10.816,20.889
14.735,11.143,20.056
14.735,11.469,19.007
14.735,11.796,17.789
14.735,12.122,16.449
14.735,12.449,15.037
14.735,12.776,13.595
14.735,13.102,12.163
14.735,13.429,10.774
14.735,13.755,9.4523
14.735,14.082,8.2171
14.735,14.408,7.0806
14.735,14.735,6.0497
14.735,15.061,5.1264
14.735,15.388,4.3093
14.735,15.714,3.5943
14.735,16.041,2.9751
14.735,16.367,2.4442
14.735,16.694,1.9932
14.735,17.02,1.6136
14.735,17.347,1.2969
14.735,17.673,1.035
14.735,18,0.82009
15.061,2,0.70998
15.061,2.3265,0.8946
15.061,2.6531,1.1191
15.061,2.9796,1.3899
15.061,3.3061,1.7135
15.061,3.6327,2.0969
15.061,3.9592,2.5468
15.061,4.2857,3.0698
15.061,4.6122,3.6713
15.061,4.9388,4.356
15.061,5.2653,5.1264
15.061,5.5918,5.9827
15.061,5.9184,6.922
15.061,6.2449,7.9376
15.061,6.5714,9.0185
15.061,6.898,10.148
15.061,7.2245,11.306
15.061,7.551,12.465
15.061,7.8776,13.595
15.061,8.2041,14.66
15.061,8.5306,15.624
15.061,8.8571,16.449
15.061,9.1837,17.103
15.061,9.5102,17.557
15.061,9.8367,17.789
15.061,10.163,17.789
15.061,10.49,17.557
15.061,10.816,17.103
15.061,11.143,16.449
15.061,11.469,15.624
15.061,11.796,14.66
15.061,12.122,13.595
15.061,12.449,12.465
15.061,12.776,11.306
15.061,13.102,10.148
15.061,13.429,9.0185
15.061,13.755,7.9376
15.061,14.082,6.922
15.061,14.408,5.9827
15.061,14.735,5.1264
15.061,15.061,4.356
15.061,15.388,3.6713
15.061,15.714,3.0698
15.061,16.041,2.5468
15.061,16.367,2.0969
15.061,16.694,1.7135
15.061,17.02,1.3899
15.061,17.347,1.1191
15.061,17.673,0.8946
15.061,18,0.70998
15.388,2,0.60939
15.388,2.3265,0.76664
15.388,2.6531,0.95745
15.388,2.9796,1.187
15.388,3.3061,1.4606
15.388,3.6327,1.7838
15.388,3.9592,2.1619
15.388,4.2857,2.5999
15.388,4.6122,3.102
15.388,4.9388,3.6713
15.388,5.2653,4.3093
15.388,5.5918,5.0155
15.388,5.9184,5.7866
15.388,6.2449,6.6165
15.388,6.5714,7.4954
15.388,6.898,8.4096
15.388,7.2245,9.3416
15.388,7.551,10.27
15.388,7.8776,11.17
15.388,8.2041,12.015
15.388,8.5306,12.777
15.388,8.8571,13.426
15.388,9.1837,13.939
15.388,9.5102,14.294
15.388,9.8367,14.476
15.388,10.163,14.476
15.388,10.49,14.294
15.388,10.816,13.939
15.388,11.143,13.426
15.388,11.469,12.777
15.388,11.796,12.015
15.388,12.122,11.17
15.388,12.449,10.27
15.388,12.776,9.3416
15.388,13.102,8.4096
15.388,13.429,7.4954
15.388,13.755,6.6165
15.388,14.082,5.7866
15.388,14.408,5.0155
15.388,14.735,4.3093
15.388,15.061,3.6713
15.388,15.388,3.102
15.388,15.714,2.5999
15.388,16.041,2.1619
15.388,16.367,1.7838
15.388,16.694,1.4606
15.388,17.02,1.187
15.388,17.347,0.95745
15.388,17.673,0.76664
15.388,18,0.60939
15.714,2,0.51863
15.714,2.3265,0.65144
15.714,2.6531,0.81222
15.714,2.9796,1.0052
15.714,3.3061,1.2346
15.714,3.6327,1.5048
15.714,3.9592,1.82
15.714,4.2857,2.184
15.714,4.6122,2.5999
15.714,4.9388,3.0698
15.714,5.2653,3.5943
15.714,5.5918,4.1727
15.714,5.9184,4.8016
15.714,6.2449,5.4755
15.714,6.5714,6.1861
15.714,6.898,6.922
15.714,7.2245,7.6689
15.714,7.551,8.4096
15.714,7.8776,9.1247
15.714,8.2041,9.7933
15.714,8.5306,10.393
15.714,8.8571,10.904
15.714,9.1837,11.306
15.714,9.5102,11.584
15.714,9.8367,11.726
15.714,10.163,11.726
15.714,10.49,11.584
15.714,10.816,11.306
15.714,11.143,10.904
15.714,11.469,10.393
15.714,11.796,9.7933
15.714,12.122,9.1247
15.714,12.449,8.4096
15.714,12.776,7.6689
15.714,13.102,6.922
15.714,13.429,6.1861
15.714,13.755,5.4755
15.714,14.082,4.8016
15.714,14.408,4.1727
15.714,14.735,3.5943
15.714,15.061,3.0698
15.714,15.388,2.5999
15.714,15.714,2.184
15.714,16.041,1.82
15.714,16.367,1.5048
15.714,16.694,1.2346
15.714,17.02,1.0052
15.714,17.347,0.81222
15.714,17.673,0.65144
15.714,18,0.51863
16.041,2,0.4377
16.041,2.3265,0.54894
16.041,2.6531,0.68331
16.041,2.9796,0.84418
16.041,3.3061,1.035
16.041,3.6327,1.2591
16.041,3.9592,1.5199
16.041,4.2857,1.82
16.041,4.6122,2.1619
16.041,4.9388,2.5468
16.041,5.2653,2.9751
16.041,5.5918,3.4456
16.041,5.9184,3.9552
16.041,6.2449,4.4993
16.041,6.5714,5.0706
16.041,6.898,5.6599
16.041,7.2245,6.2556
16.041,7.551,6.8442
16.041,7.8776,7.4103
16.041,8.2041,7.9376
16.041,8.5306,8.4096
16.041,8.8571,8.8101
16.041,9.1837,9.1247
16.041,9.5102,9.3416
16.041,9.8367,9.4523
16.041,10.163,9.4523
16.041,10.49,9.3416
16.041,10.816,9.1247
16.041,11.143,8.8101
16.041,11.469,8.4096
16.041,11.796,7.9376
16.041,12.122,7.4103
16.041,12.449,6.8442
16.041,12.776,6.2556
16.041,13.102,5.6599
16.041,13.429,5.0706
16.041,13.755,4.4993
16.041,14.082,3.9552
16.041,14.408,3.4456
16.041,14.735,2.9751
16.041,15.061,2.5468
16.041,15.388,2.1619
16.041,15.714,1.82
16.041,16.041,1.5199
16.041,16.367,1.2591
16.041,16.694,1.035
16.041,17.02,0.84418
16.041,17.347,0.68331
16.041,17.673,0.54894
16.041,18,0.4377
16.367,2,0.36636
16.367,2.3265,0.45877
16.367,2.6531,0.57016
16.367,2.9796,0.70321
16.367,3.3061,0.86065
16.367,3.6327,1.0451
16.367,3.9592,1.2591
16.367,4.2857,1.5048
16.367,4.6122,1.7838
16.367,4.9388,2.0969
16.367,5.2653,2.4442
16.367,5.5918,2.8243
16.367,5.9184,3.2348
16.367,6.2449,3.6713
16.367,6.5714,4.1282
16.367,6.898,4.5977
16.367,7.2245,5.0706
16.367,7.551,5.5362
16.367,7.8776,5.9827
16.367,8.2041,6.3973
16.367,8.5306,6.7673
16.367,8.8571,7.0806
16.367,9.1837,7.3263
16.367,9.5102,7.4954
16.367,9.8367,7.5816
16.367,10.163,7.5816
16.367,10.49,7.4954
16.367,10.816,7.3263
16.367,11.143,7.0806
16.367,11.469,6.7673
16.367,11.796,6.3973
16.367,12.122,5.9827
16.367,12.449,5.5362
16.367,12.776,5.0706
16.367,13.102,4.5977
16.367,13.429,4.1282
16.367,13.755,3.6713
16.367,14.082,3.2348
16.367,14.408,2.8243
16.367,14.735,2.4442
16.367,15.061,2.0969
16.367,15.388,1.7838
16.367,15.714,1.5048
16.367,16.041,1.2591
16.367,16.367,1.0451
16.367,16.694,0.86065
16.367,17.02,0.70321
16.367,17.347,0.57016
16.367,17.673,0.45877
16.367,18,0.36636
16.694,2,0.30415
16.694,2.3265,0.38031
16.694,2.6531,0.47191
16.694,2.9796,0.5811
16.694,3.3061,0.70998
16.694,3.6327,0.86065
16.694,3.9592,1.035
16.694,4.2857,1.2346
16.694,4.6122,1.4606
16.694,4.9388,1.7135
16.694,5.2653,1.9932
16.694,5.5918,2.2984
16.694,5.9184,2.6269
16.694,6.2449,2.9751
16.694,6.5714,3.3384
16.694,6.898,3.7105
16.694,7.2245,4.0842
16.694,7.551,4.4509
16.694,7.8776,4.8016
16.694,8.2041,5.1264
16.694,8.5306,5.4156
16.694,8.8571,5.6599
16.694,9.1837,5.8512
16.694,9.5102,5.9827
16.694,9.8367,6.0497
16.694,10.163,6.0497
16.694,10.49,5.9827
16.694,10.816,5.8512
16.694,11.143,5.6599
16.694,11.469,5.4156
16.694,11.796,5.1264
16.694,12.122,4.8016
16.694,12.449,4.4509
16.694,12.776,4.0842
16.694,13.102,3.7105
16.694,13.429,3.3384
16.694,13.755,2.9751
16.694,14.082,2.6269
16.694,14.408,2.2984
16.694,14.735,1.9932
16.694,15.061,1.7135
16.694,15.388,1.4606
16.694,15.714,1.2346
16.694,16.041,1.035
16.694,16.367,0.86065
16.694,16.694,0.70998
16.694,17.02,0.5811
16.694,17.347,0.47191
16.694,17.673,0.38031
16.694,18,0.30415
17.02,2,0.25047
17.02,2.3265,0.31274
17.02,2.6531,0.38748
17.02,2.9796,0.47638
17.02,3.3061,0.5811
17.02,3.6327,0.70321
17.02,3.9592,0.84418
17.02,4.2857,1.0052
17.02,4.6122,1.187
17.02,4.9388,1.3899
17.02,5.2653,1.6136
17.02,5.5918,1.8571
17.02,5.9184,2.1183
17.02,6.2449,2.3945
17.02,6.5714,2.6817
17.02,6.898,2.9751
17.02,7.2245,3.2689
17.02,7.551,3.5565
17.02,7.8776,3.8307
17.02,8.2041,4.0842
17.02,8.5306,4.3093
17.02,8.8571,4.4993
17.02,9.1837,4.6477
17.02,9.5102,4.7497
17.02,9.8367,4.8016
17.02,10.163,4.8016
17.02,10.49,4.7497
17.02,10.816,4.6477
17.02,11.143,4.4993
17.02,11.469,4.3093
17.02,11.796,4.0842
17.02,12.122,3.8307
17.02,12.449,3.5565
17.02,12.776,3.2689
17.02,13.102,2.9751
17.02,13.429,2.6817
17.02,13.755,2.3945
17.02,14.082,2.1183
17.02,14.408,1.8571
17.02,14.735,1.6136
17.02,15.061,1.3899
17.02,15.388,1.187
17.02,15.714,1.0052
17.02,16.041,0.84418
17.02,16.367,0.70321
17.02,16.694,0.5811
17.02,17.02,0.47638
17.02,17.347,0.38748
17.02,17.673,0.31274
17.02,18,0.25047
17.347,2,0.20463
17.347,2.3265,0.25513
17.347,2.6531,0.31565
17.347,2.9796,0.38748
17.347,3.3061,0.47191
17.347,3.6327,0.57016
17.347,3.9592,0.68331
17.347,4.2857,0.81222
17.347,4.6122,0.95745
17.347,4.9388,1.1191
17.347,5.2653,1.2969
17.347,5.5918,1.4899
17.347,5.9184,1.6964
17.347,6.2449,1.9142
17.347,6.5714,2.14
17.347,6.898,2.3701
17.347,7.2245,2.5999
17.347,7.551,2.8243
17.347,7.8776,3.0379
17.347,8.2041,3.2348
17.347,8.5306,3.4094
17.347,8.8571,3.5565
17.347,9.1837,3.6713
17.347,9.5102,3.7501
17.347,9.8367,3.7902
17.347,10.163,3.7902
17.347,10.49,3.7501
17.347,10.816,3.6713
17.347,11.143,3.5565
17.347,11.469,3.4094
17.347,11.796,3.2348
17.347,12.122,3.0379
17.347,12.449,2.8243
17.347,12.776,2.5999
17.347,13.102,2.3701
17.347,13.429,2.14
17.347,13.755,1.9142
17.347,14.082,1.6964
17.347,14.408,1.4899
17.347,14.735,1.2969
17.347,15.061,1.1191
17.347,15.388,0.95745
17.347,15.714,0.81222
17.347,16.041,0.68331
17.347,16.367,0.57016
17.347,16.694,0.47191
17.347,17.02,0.38748
17.347,17.347,0.31565
17.347,17.673,0.25513
17.347,18,0.20463
17.673,2,0.16585
17.673,2.3265,0.20651
17.673,2.6531,0.25513
17.673,2.9796,0.31274
17.673,3.3061,0.38031
17.673,3.6327,0.45877
17.673,3.9592,0.54894
17.673,4.2857,0.65144
17.673,4.6122,0.76664
17.673,4.9388,0.8946
17.673,5.2653,1.035
17.673,5.5918,1.187
17.673,5.9184,1.3492
17.673,6.2449,1.5199
17.673,6.5714,1.6964
17.673,6.898,1.8759
17.673,7.2245,2.0548
17.673,7.551,2.229
17.673,7.8776,2.3945
17.673,8.2041,2.5468
17.673,8.5306,2.6817
17.673,8.8571,2.7952
17.673,9.1837,2.8836
17.673,9.5102,2.9443
17.673,9.8367,2.9751
17.673,10.163,2.9751
17.673,10.49,2.9443
17.673,10.816,2.8836
17.673,11.143,2.7952
17.673,11.469,2.6817
17.673,11.796,2.5468
17.673,12.122,2.3945
17.673,12.449,2.229
17.673,12.776,2.0548
17.673,13.102,1.8759
17.673,13.429,1.6964
17.673,13.755,1.5199
17.673,14.082,1.3492
17.673,14.408,1.187
17.673,14.735,1.035
17.673,15.061,0.8946
17.673,15.388,0.76664
17.673,15.714,0.65144
17.673,16.041,0.54894
17.673,16.367,0.45877
17.673,16.694,0.38031
17.673,17.02,0.31274
17.673,17.347,0.25513
17.673,17.673,0.20651
17.673,18,0.16585
18,2,0.13338
18,2.3265,0.16585
18,2.6531,0.20463
18,2.9796,0.25047
18,3.3061,0.30415
18,3.6327,0.36636
18,3.9592,0.4377
18,4.2857,0.51863
18,4.6122,0.60939
18,4.9388,0.70998
18,5.2653,0.82009
18,5.5918,0.93903
18,5.9184,1.0657
18,6.2449,1.1987
18,6.5714,1.3359
18,6.898,1.4752
18,7.2245,1.6136
18,7.551,1.7483
18,7.8776,1.8759
18,8.2041,1.9932
18,8.5306,2.0969
18,8.8571,2.184
18,9.1837,2.2519
18,9.5102,2.2984
18,9.8367,2.322
18,10.163,2.322
18,10.49,2.2984
18,10.816,2.2519
18,11.143,2.184
18,11.469,2.0969
18,11.796,1.9932
18,12.122,1.8759
18,12.449,1.7483
18,12.776,1.6136
18,13.102,1.4752
18,13.429,1.3359
18,13.755,1.1987
18,14.082,1.0657
18,14.408,0.93903
18,14.735,0.82009
18,15.061,0.70998
18,15.388,0.60939
18,15.714,0.51863
18,16.041,0.4377
18,16.367,0.36636
18,16.694,0.30415
18,17.02,0.25047
18,17.347,0.20463
18,17.673,0.16585
18,18,0.13338
