ID,UICNumber,APINumber,PermittedIntervalTopFt,PermittedIntervalBottomFt,PermittedMaxLiquidBPD,StartDate,SurfaceHoleLatitude,SurfaceHoleLongitude,CompletedWellDepthClassification,WellName
3584,15177,13502347,5200.0,5530.0,6000,1963-06-05,31.97757485,-102.3902467,Deep,BARROW WIW 2
10267,22894,41503969,6200.0,8400.0,13000,1969-11-03,32.92736477,-100.91552894,Deep,COGDELL CANYON REEF UNIT 6115
10269,22897,41503975,5000.0,8400.0,13000,1969-11-12,32.9011493,-100.91604956,Deep,COGDELL CANYON REEF UNIT 6120
22336,15760,301016,12611.0,13837.0,25000,1964-10-08,32.4002359,-102.2880379,Deep,HUTEX S W D SYSTEM G12
30087,45662,16530079,5100.0,6150.0,10000,1982-12-17,32.53763907,-102.57103467,Deep,"NORMAN ""A"" 6D"
37627,58016,31732123,4200.0,5500.0,3300,1985-04-03,32.28231646,-102.02932285,Deep,MAYS 2D
38761,46212,31731528,4350.0,12130.0,9000,1982-02-02,32.35650004,-101.97162001,Deep,TOM 2
681,22893,41503968,6200.0,8400.0,13000,1969-11-03,32.89796551,-100.920984,Deep,COGDELL CANYON REEF UNIT 6114
9914,12242,13506726,5000.0,5700.0,15000,1978-05-26,31.8342916,-102.29082885,Deep,"PARKS, ROY -B- TG 24W"
16337,12240,32901986,13000.0,13500.0,15000,1972-05-25,31.85647564,-102.27599792,Deep,"PARKS, ROY -B- TG 20W"
18150,13925,16500751,5300.0,7296.0,3000,1973-10-02,32.52577346,-102.36479675,Deep,BUTLER 4
18459,10722,31700024,4450.0,4800.0,20000,1980-10-31,32.484983,-102.036714,Deep,O'NEAL 1D
18761,10717,31731601,10910.0,12424.0,10000,1977-04-29,32.48874382,-102.09517858,Deep,"BREEDLOVE, F. D., -B- 24D"
24545,17033,22703675,9892.0,9922.0,2000,1967-05-24,32.45654135,-101.47629742,Deep,SOUTHEAST LUTHER/FUSSELMAN/ UNIT 1001W
939,9588,38310328,3150.0,4000.0,6000,1970-03-30,31.56851,-101.540477,Deep,"CAUBLE, E.G.-A- 1"
3377,22054,30130034,5342.0,6492.0,10000,1980-04-02,31.70462556,-103.56028404,Deep,MENTONE SWD 1D
13991,20183,31730078,3900.0,5000.0,5000,1977-05-22,32.30359092,-101.86306908,Deep,LENORAH 1D
14452,22795,26300433,4700.0,7200.0,13000,1972-03-08,32.99169654,-100.86167514,Deep,COGDELL CANYON REEF UNIT 1045
24760,39662,13506652,5032.0,5376.0,5000,1957-09-24,31.90743726,-102.3140584,Deep,HEADLEE DEVONIAN UNIT 63
30001,45228,22731166,3749.0,5641.0,5000,1981-11-17,32.4436102,-101.63323473,Deep,ALLRED SWD 1
35072,50386,31730538,4000.0,5500.0,6000,1983-12-07,32.133011,-102.041506,Deep,GLASS -E- 1D
37471,55987,50132868,11562.0,12500.0,40000,1985-04-22,33.02735304,-102.83192573,Deep,WILLARD UNIT 1WD
41490,56953,16533268,11935.0,13096.0,90000,1985-07-08,32.78314596,-102.72803756,Deep,SEMINOLE SAN ANDRES UNIT 1
47458,22831,41503904,4500.0,8400.0,13000,1968-05-03,32.92311917,-100.92070602,Deep,COGDELL CANYON REEF UNIT 6036
5294,19968,31700114,3800.0,12154.0,6000,1970-05-14,32.24150227,-101.91191522,Deep,SALE RANCH -D- 1D
10210,17307,304579,13300.0,14200.0,20000,1978-07-12,32.400379,-102.368902,Deep,TEXAS UNIV. -CC- 3D
11982,22913,41504013,5000.0,8400.0,13000,1969-11-12,32.91222404,-100.89814984,Deep,COGDELL CANYON REEF UNIT 6158
16192,9586,38320709,2700.0,3520.0,10000,1968-01-12,31.50750621,-101.47780148,Deep,BINGHAM SWD 1D
35962,56954,16533269,11975.0,13500.0,90000,1985-07-08,32.73112103,-102.67109622,Deep,SEMINOLE SAN ANDRES UNIT 2
37182,49927,50132488,10500.0,13000.0,50000,1983-11-04,32.98079824,-102.80439477,Deep,DENVER UNIT 1SD
50969,74786,31732928,6509.0,6539.0,4000,1991-05-23,32.23327044,-101.82929874,Deep,"SUPERIOR STRAIN ""-SWD- 1D"
55969,80189,307440,5200.0,6500.0,10000,1993-07-28,32.4430212,-102.3956426,Deep,STATE OF TEXAS -CJ- 6
51916,77721,304586,13290.0,14130.0,20000,1992-10-27,32.42662,-102.385319,Deep,TEXAS UNIV. -CC- 26W
64732,84368,22734375,8700.0,10800.0,5000,1996-02-29,32.27496346,-101.62913317,Deep,GUITAR ESTATE -B- 2D
65402,112680,32900423,10300.0,14000.0,10000,2015-08-03,31.77733258,-102.24580606,Deep,DORA ROBERTS RANCH UNIT 2103
67541,108130,341770,5000.0,5500.0,20000,2013-09-20,32.25456868,-102.44224968,Deep,UL DIGGER 311WD
67593,61697,44500201,4820.0,5647.0,2500,1957-02-26,33.077808,-102.289634,Deep,"TAYLOR, C. L. 1"
67690,65274,333217,13385.0,14134.0,10000,1987-10-23,32.49682731,-102.3605675,Deep,UNIVERSITY 5-3 1D
47531,22924,41504027,6200.0,8400.0,13000,1955-10-05,32.91215225,-100.89411593,Deep,COGDELL CANYON REEF UNIT 6173
48528,64102,16533658,10490.0,12000.0,50000,1987-09-09,32.95337,-102.851914,Deep,DENVER UNIT 3SD
51057,75355,31733724,4392.0,5026.0,5000,1991-08-16,32.42089245,-101.73424827,Deep,"SHORTES, L. O. 1D"
51261,48766,31730700,3600.0,4500.0,3000,1983-08-02,32.11091466,-101.94462002,Deep,"DICKENSON, OLTON -A- 1 1"
53249,58283,50132893,10100.0,11500.0,50000,1985-11-13,32.99543001,-102.84482765,Deep,DENVER UNIT 2D
58888,53887,50132538,12455.0,13000.0,25000,1984-06-28,33.01029747,-102.78291186,Deep,"WILDER ""B"" 40"
60787,60840,26300188,3880.0,3920.0,6000,1986-07-09,33.24292981,-100.86702569,Deep,SALT CREEK FIELD UNIT E33
61151,85526,37136335,4560.0,13572.0,25000,1996-04-16,31.0200967,-102.814353,Deep,TOMAHAWK 1
61464,89752,31730142,4010.0,5950.0,4500,2000-03-29,32.220008,-101.996868,Deep,DICKENSON SWD 1
63202,103600,32902024,6420.0,13391.0,20000,2011-08-18,31.7408469,-102.20797813,Deep,"SANDERS, JUNE T. 3"
30979,56050,47530844,4600.0,5785.0,50000,1984-12-14,31.64339467,-103.52003556,Deep,BROWN UNIT 1D
33242,51746,332062,8900.0,11400.0,5000,1984-05-10,32.15495928,-102.89344615,Deep,RATLIFF & BEDFORD 35D
35832,64225,31731170,4400.0,5800.0,5000,1987-10-09,32.13768057,-102.08742441,Deep,GLASS -J- 2D
37272,54994,50132540,12399.0,13000.0,25000,1984-06-01,33.04921343,-102.7879079,Deep,"ODC ""A"" 18"
42904,73541,16530094,5100.0,6050.0,10000,1990-08-28,32.53369402,-102.56940011,Deep,NORMAN D 4D
46912,23116,41502924,6300.0,8500.0,12000,1955-02-14,32.63293291,-101.14767458,Deep,SHARON RIDGE CANYON UNIT 4011W
48150,68130,22734107,3430.0,6059.0,12500,1989-02-14,32.43469844,-101.59920472,Deep,SON OF BIG BAD 1
53882,68327,31731480,4350.0,12200.0,6500,1989-02-27,32.36348778,-101.97330081,Deep,"PAT, K. 2"
55011,46500,47531589,4567.0,6308.0,20000,1983-08-18,31.62503711,-103.42569477,Deep,"PRUETT, T. B. ET AL 5D"
60311,60872,31732496,3200.0,3850.0,6000,1986-06-27,32.52028026,-101.89948322,Deep,"CAVE, J. W. 1"
62074,86758,13537365,7330.0,7800.0,6000,1997-09-12,32.07204207,-102.58450227,Deep,HOLT W SWDW 1
64169,54883,21934308,11700.0,12600.0,10000,1984-06-22,33.40958814,-102.46520691,Deep,SLAUGHTER CONSOLIDATED 315
57406,81492,13510010,3550.0,4650.0,1500,1994-08-30,31.80422123,-102.58441232,Deep,MOSS E 6D
60796,108661,38333104,5517.0,6686.0,15000,2013-11-13,31.31348622,-101.45254607,Deep,TEXACO 5
63356,58958,31700386,3600.0,4800.0,15000,1985-10-31,32.30013107,-101.85578869,Deep,"MCCLAIN,G.B. 1D"
65476,104604,31733153,4000.0,5000.0,16000,2012-02-03,32.20338637,-101.97634335,Deep,SALE RANCH -L- 5D
66180,115975,31741203,12380.0,13965.0,30000,2018-01-31,32.4674662,-102.14866408,Deep,GOLDEN TORNADOES SWD 1
67651,64379,22732542,3962.0,4060.0,1000,1987-10-28,32.42643882,-101.64139597,Deep,SPALDING. LILLIAN ETAL SWD 2D
70158,102703,13510848,4849.0,5060.0,3000,2011-04-11,31.97427987,-102.37131249,Deep,"RATLIFF, S. W., -A- 13J"
70643,98915,38335592,3700.0,4700.0,20000,2008-05-30,31.346305,-101.762351,Deep,SHEEPSHEAD 1
71127,113312,31740335,12000.0,14500.0,30000,2016-01-04,32.12796904,-102.01828871,Deep,"NAIL RANCH ""36"" 1D"
71910,84727,31732856,4400.0,12200.0,9000,1996-04-30,32.3639066,-101.9689763,Deep,"PAT, K. 3"
73031,99895,31735147,11242.0,12617.0,10000,2009-01-14,32.47193901,-102.11037528,Deep,"BREEDLOVE, F. D., -B- 47"
72138,95975,17332088,4386.0,10230.0,25000,2006-01-18,31.89481028,-101.76804419,Deep,BOONE -F- DEEP 1
73606,86338,26331495,3900.0,5300.0,20000,1997-06-30,33.20187247,-100.93369461,Deep,JONES-O'DONNELL 1WD
74011,114884,31741017,12000.0,13550.0,50000,2017-02-07,32.2016549,-101.9964974,Deep,MCMORRIES 18 SWD 2D
74211,115144,22738978,10150.0,13000.0,30000,2017-04-27,32.28103932,-101.67967682,Deep,LIMEQUEST 6 SWD 1D
75010,91186,47534643,5020.0,6543.0,5000,2001-07-23,31.49843789,-102.78718151,Deep,WINTER 14-20 1
76197,114948,22739065,10340.0,11500.0,20000,2017-02-24,32.394402,-101.561671,Deep,87 AIRSTRIP SWD 1
78086,108925,23535360,8932.0,9940.0,40000,2013-12-13,31.13239808,-101.16270631,Deep,BARNHART 687 SWD 3
78588,113121,13536412,11778.0,14500.0,10000,2015-11-12,31.967283,-102.367196,Deep,RATLIFF 'F' 1
78607,115608,22739197,8850.0,12500.0,25000,2017-09-11,32.435831,-101.570429,Deep,ELROD-ANTELL 1D
65483,113055,22738574,9607.0,10700.0,20000,2015-10-20,32.3950326,-101.4835524,Deep,TATE -D- 3
67296,67865,31710260,4800.0,6375.0,15000,1989-01-04,32.22212109,-102.12595493,Deep,SCHARBAUER -H- 1D
68221,110802,22734916,8570.0,8732.0,25000,2014-09-08,32.48653208,-101.58589257,Deep,MIDDLETON 38 1
69968,109990,15100308,7000.0,7500.0,5000,2014-05-07,32.74441705,-100.6307689,Deep,GORDON A 1R
70947,99289,306772,4800.0,15200.0,30000,2008-07-22,32.15673223,-102.29110317,Deep,"DAVID FASKEN ""O"" 1"
72458,104249,31710312,4100.0,5000.0,10000,2011-11-14,32.456898,-101.921199,Deep,"SLAUGHTER, ELMA L., -J- 1D"
73150,99208,31732702,4275.0,12700.0,30000,2008-06-02,32.34525529,-102.00347405,Deep,JONES 130 1D
73230,117180,31741386,12000.0,13369.0,25000,2018-11-09,32.1472589,-102.0207306,Deep,WATERBURGER 1D
74117,111282,22738313,10050.0,11300.0,30000,2014-11-14,32.22062257,-101.54656671,Deep,CROSS ELL SWD 1
76459,102121,21937132,8100.0,11700.0,20000,2010-08-04,33.52944826,-102.45904648,Deep,SOUTHEAST LEVELLAND UNIT 369WD
77110,70434,22732473,3723.0,4600.0,10000,1989-07-28,32.43622459,-101.68572032,Deep,"JOHNSON, DC DISPOSAL 202"
77493,112402,32940594,12480.0,14500.0,30000,2015-05-04,32.03981507,-102.25008133,Deep,CASSELMAN8 1D
77543,112642,31740201,11000.0,14000.0,40000,2015-07-24,32.36428823,-102.01390267,Deep,JONES-HOLTON D 4D
77593,122659,46134345,11246.0,11853.0,60000,2020-04-24,31.252673,-101.807778,Deep,"UNIVERSITY ""21"" 1"
78646,115691,22739461,10000.0,11500.0,25000,2017-10-12,32.37499984,-101.57653636,Deep,BEALL SWD 1
78814,116014,31741024,13200.0,14318.0,30000,2018-02-08,32.279012,-102.174406,Deep,MABEE 5 SWD 1
80552,112469,22736895,3200.0,4100.0,10000,2015-05-27,32.17506329,-101.50592374,Deep,PATTERSON 2713
81354,116497,22739854,9900.0,11015.0,50000,2018-07-17,32.359472,-101.496754,Deep,SNEED 5 1
82742,97519,16531698,11600.0,12900.0,45000,2007-04-30,32.76325824,-102.70468919,Deep,"SEMINOLE DEEP UNIT ""D"" 3214D"
82975,118748,41501259,3500.0,4200.0,25000,2019-06-26,32.67419116,-100.76084025,Deep,SEARS 1WD
83126,116298,31741387,11000.0,14500.0,50000,2018-05-14,32.431667,-101.831667,Deep,HOLCOMB 68 SWD 1
83879,94097,26300427,5100.0,9000.0,13000,2004-05-10,33.00498821,-100.85242762,Deep,COGDELL CANYON REEF UNIT 1039WD
84297,81995,22710846,9829.0,10500.0,5000,1995-01-13,32.3982628,-101.46830992,Deep,"RYAN, J. B. 4"
85263,116549,10933303,11000.0,13100.0,90000,2018-07-30,31.9579255,-104.3226513,Deep,DR B SNOWBIRD 13 SWD 1
86252,82777,11532680,5260.0,12200.0,14000,1994-01-24,32.90487595,-102.09948798,Deep,WEST WELCH UNIT 1D
86552,113130,31740301,11100.0,14500.0,50000,2015-11-13,32.0917392,-101.9407628,Deep,DICKENSON 20 8D
86836,115416,31742648,12066.0,13180.0,12500,2017-07-19,32.36255398,-101.9481329,Deep,LONE RANGER SWD 1
87824,99242,31730388,3800.0,5689.0,10000,2008-09-12,32.31947737,-101.85940234,Deep,DEWEY 1
88373,104207,13540754,4900.0,5600.0,15000,2011-11-02,31.98987217,-102.35433155,Deep,RATLIFF A 1903
88909,119930,10933528,11431.0,12280.0,50000,2019-12-16,31.931661,-104.366527,Deep,DR SWD 27 1
78754,115879,32930927,4531.0,5523.0,20000,2017-12-20,31.8415328,-102.00254141,Deep,FIRST UNITED METHODIST CHURCH B 1
78989,115918,22740963,9750.0,13000.0,35000,2018-02-20,32.360558,-101.39459,Deep,LONG 350 SWD 1
79239,89523,10538250,3575.0,3615.0,2000,2000-01-19,31.01025391,-101.60148473,Deep,"RANCH HAND ""55"" 3"
79626,120087,41535513,5050.0,7491.0,24500,2020-01-03,32.6265958,-100.7082056,Deep,MAPACHE GRANDE 144 2D
81010,119012,32943904,12060.0,15000.0,30000,2019-08-12,31.7859639,-102.0737994,Deep,RIPTIDE 29 SWD 1
81296,116306,31741025,13031.0,13953.0,30000,2018-05-17,32.263789,-102.192392,Deep,MABEE 6 SWD 1
82149,93294,31731432,4100.0,4430.0,700,2003-08-05,32.47182467,-101.98651318,Deep,"ROLLOW ""A"" 1D"
83049,116110,38333469,5561.0,5957.0,15000,2018-03-08,31.30221899,-101.46227656,Deep,PARISH 6
83099,116274,22739482,10361.0,11477.0,50000,2018-05-08,32.317396,-101.632668,Deep,DELPHIN SWD 1
89929,67994,22733914,9350.0,9650.0,15000,1986-12-12,32.47724414,-101.64922067,Deep,"GILBERT, G. WRIGHT. JR. ESTATE 1"
93987,99215,333438,10350.0,13198.0,20000,2008-05-12,32.26948441,-102.23375515,Deep,MABEE 240G 1SW
95577,119435,31742746,10500.0,13000.0,30000,2019-11-01,32.38391,-101.796079,Deep,POSEIDON SWD 1
96531,118219,10933417,11708.0,14000.0,100000,2019-04-18,31.929413,-104.329984,Deep,DR B STRANGELOVE 25 SWD 1
97765,106158,31731616,4100.0,5050.0,12000,2012-12-20,32.15625234,-102.00472202,Deep,"NAIL, J.H., SEC. 26 1"
99839,119335,17338205,10800.0,13000.0,20000,2019-10-11,31.799318,-101.732654,Deep,SHELBY SWD 1
100775,22759,41503882,5000.0,8400.0,13000,1969-12-18,32.91568901,-100.92066991,Deep,COGDELL CANYON REEF UNIT 606
69308,72856,13535498,5590.0,5700.0,2500,1990-02-15,31.7759136,-102.4162848,Deep,MOSS -A- 1
69876,102986,310357,10481.0,12532.0,20000,2010-12-17,32.292195,-102.57946941,Deep,"J.E. PARKER ""F"" 4"
70137,105869,17331984,3475.0,3690.0,14000,2012-10-25,31.72300906,-101.5551044,Deep,"THOMASON ""D"" SWD 1"
72148,113942,31740488,11000.0,14000.0,40000,2016-06-17,32.390416,-101.969189,Deep,HECKER 1D
72209,114335,16538439,6000.0,12630.0,45000,2016-09-27,32.7629732,-102.82154588,Deep,WEST SEMINOLE SA UNIT 3WD
72350,116192,31741183,3721.0,4711.0,20000,2018-04-06,32.27031414,-101.8166322,Deep,WADDELL 12 1D
74383,113829,22734702,3700.0,4900.0,25000,2016-05-13,32.4597647,-101.62712021,Deep,IDEN SWD 4A
75226,118973,31742511,11500.0,14000.0,50000,2019-07-31,32.26548,-102.017452,Deep,SUNFLOWER SWD 1
76060,103282,13540893,12700.0,14400.0,20000,2011-06-08,32.01573,-102.339498,Deep,GARDENDALE 8 SWD 1
76328,67372,22734245,9700.0,10277.0,10000,1988-10-04,32.3912777,-101.48383312,Deep,TALBOT 3D
86025,91318,32931000,4446.0,5655.0,15000,2001-08-24,31.770335,-102.025522,Deep,"BARROW ""26"" SWD 1"
86411,83175,32931571,4092.0,4525.0,20000,1995-06-30,32.0465843,-101.8870841,Deep,"EPLEY, L. B. SWD 8D"
86625,117290,31741639,10600.0,13000.0,25000,2018-11-28,32.336572,-101.697763,Deep,WILKINSON RANCH 375
86676,117418,31741652,11050.0,12300.0,30000,2018-12-15,32.1421663,-101.7785941,Deep,MARIENFELD 13 1D
86743,113795,16500675,8000.0,12500.0,45000,2016-05-26,32.7645759,-102.82722278,Deep,WEST SEMINOLE SA UNIT 2WD
101175,119441,15100153,6950.0,7200.0,20000,2019-11-01,32.816698,-100.591851,Deep,CEDAR BREAKS WD 1WD
103082,109984,50136351,10720.0,13000.0,50000,2014-05-06,33.00563266,-102.83289471,Deep,DENVER UNIT 4
103432,81982,31732191,4425.0,5200.0,20000,1995-01-11,32.407593,-101.845153,Deep,HOLCOMB 1
104686,116121,22739441,10665.0,12500.0,35000,2018-03-14,32.2565792,-101.6901816,Deep,NEPTUNE SWD 1
104869,84370,22734698,3500.0,6100.0,20000,1996-02-29,32.42793298,-101.60647558,Deep,NORET-JONES 1D
104985,118204,31742073,11300.0,13000.0,50000,2019-04-19,32.28924017,-101.86070208,Deep,CORFU SWD 1
78082,84968,22734841,3300.0,6000.0,1500,1996-07-15,32.40717674,-101.59006643,Deep,STASEY 1
78532,115242,22737690,3450.0,4650.0,10000,2017-05-24,32.16045406,-101.52705372,Deep,CONNALLY 2841
78936,110759,32933636,4540.0,5600.0,20000,2014-09-30,31.88567326,-102.14888945,Deep,"SCHARBAUER, C.,-B- NCT-1 14"
79629,120108,17338286,10595.0,12370.0,60000,2020-01-06,31.70527981,-101.57515812,Deep,BERNICE MATTHIESEN -15- 1D
80690,117936,22740032,10500.0,11900.0,30000,2019-03-11,32.36640238,-101.68190784,Deep,DB HUGHES 1D
80983,118456,22741311,7800.0,12640.0,35000,2019-05-22,32.43876637,-101.42167019,Deep,JACK BUCHANAN SR SWD 1
81090,119195,38340821,10300.0,12600.0,50000,2019-09-19,31.5241475,-101.5249082,Deep,RICKER 39 SWD 1
92294,119159,31742186,4460.0,5620.0,24999,2019-09-13,32.119763,-102.167818,Deep,KIRBY 1D
95619,117380,32938424,4600.0,5730.0,15000,2018-11-08,31.9131318,-102.1831261,Deep,SOA SCHARBAUER SE 2109M
95620,117381,32901861,4715.0,5760.0,15000,2018-11-08,31.9203188,-102.1536697,Deep,"SCHARBAUER, C. -D- 4"
97038,108636,17332542,11458.0,12496.0,50000,2013-11-12,31.9583437,-101.7507872,Deep,MIDLAND NATIONAL BANK '39' SWD 1
97690,10702,10310645,3038.0,4220.0,3000,1974-01-14,31.46727078,-102.4258845,Deep,BLOCK 31 UNIT 101D
97940,12239,13506723,5000.0,5700.0,15000,1978-11-27,31.85258993,-102.29207234,Deep,"PARKS, ROY -B- TG 19D"
98528,96206,32931249,3500.0,5000.0,10000,2006-04-04,32.07769,-101.90101,Deep,PENROSE-OLDHAM 4
98560,113054,10932895,14315.0,15315.0,90000,2015-10-20,31.95845233,-104.12708284,Deep,ASSAULT 14 FEE SWD 9
98658,118888,15133125,6920.0,7500.0,20000,2019-07-10,32.72846152,-100.59433273,Deep,TUTT SWD 1
105821,110031,22736614,3300.0,6620.0,15000,2014-05-14,32.38249987,-101.6720027,Deep,NICHOLS 17 1
106354,101488,37130556,5000.0,7500.0,25000,2010-02-25,31.009965,-102.874655,Deep,"DEWITT, BILL 1D"
107060,118813,31742092,10950.0,12396.0,30000,2019-07-05,32.289557,-101.768801,Deep,TYRION SWD 04SD
107294,116253,22740310,7800.0,13000.0,50000,2018-04-30,32.4337281,-101.3649085,Deep,HULL SWD 1
107660,106281,31735744,5550.0,6175.0,20000,2013-01-09,32.47634712,-102.14455294,Deep,PINOTAGE SWD 1
108111,113218,32940225,13120.0,13900.0,20000,2015-12-08,32.083022,-102.17099,Deep,NORTHWEST MIDLAND SWD 1WD
108112,113259,41532682,5250.0,6100.0,10000,2015-12-17,32.5419409,-100.7250503,Deep,THUNDER VALLEY 002 UNIT 1D
108128,101066,22733062,10100.0,10167.0,3000,2009-08-12,32.17796738,-101.57757928,Deep,"WALDRON, S. 7W"
108328,113957,38932968,4500.0,6900.0,25000,2016-06-23,31.34128928,-103.65937717,Deep,OLD YUCCA 2
99595,118962,41530262,3050.0,3770.0,20000,2019-07-26,32.669356,-100.689068,Deep,GLASS 1WD
102803,115449,31741662,11180.0,13200.0,25000,2017-08-02,32.320521,-101.82956,Deep,3601 SWD 1
103557,94415,38331272,3300.0,4110.0,1000,2004-08-12,31.39138475,-101.69083283,Deep,"HAM ""B"" 2D"
104628,115844,22739417,10265.0,11113.0,50000,2017-12-13,32.3310983,-101.5367852,Deep,NEWTON 10 SWD 1
104862,117352,22739690,10500.0,13000.0,25000,2018-12-02,32.345763,-101.674793,Deep,FREE BURGER 2D
108497,109119,17335792,10400.0,12500.0,25000,2014-01-09,31.91152447,-101.48708297,Deep,HRW GLASSCOCK SWD 2
109280,116147,32942084,11820.0,13808.0,25000,2018-03-19,31.9286419,-101.9883962,Deep,"CASSIDY ""B"" 2DD"
109481,116812,15132566,3270.0,3470.0,20000,2018-09-25,32.7326545,-100.6467525,Deep,COCHRAN A 1WD
109899,115077,38333023,5559.0,5936.0,15000,2017-04-04,31.33437693,-101.45302962,Deep,COATES 13
111318,117373,32938725,4590.0,6350.0,15000,2018-12-02,31.8761625,-102.179809,Deep,"SCHARBAUER, C. 'A' 3311W"
111338,117544,31741365,11777.0,13200.0,50000,2018-12-31,32.3743028,-101.9648944,Deep,PEELER D1
111806,117568,22739689,10871.0,11380.0,60000,2018-12-31,32.41634685,-101.64276387,Deep,HULKSTER SWD 1
111954,112158,17333299,3214.0,4400.0,10000,2015-03-03,31.75153575,-101.61912285,Deep,"COLE RANCH ""41"" SWD 4D"
112391,115188,22739079,10513.0,11510.0,25000,2017-05-10,32.23143495,-101.59309991,Deep,WALTERS SWD 1
104875,117514,32942715,4475.0,6912.0,30000,2019-01-01,32.0571791,-102.1227885,Deep,DIAMOND RIO 9 1D
104995,118362,22735640,10100.0,10500.0,30000,2019-05-03,32.4361184,-101.4921689,Deep,IDEN 1
105179,84950,31733985,3607.0,6700.0,10000,1996-07-18,32.42103398,-101.69822435,Deep,ARROWHEAD 3 1
106131,121022,15133139,7158.0,7556.0,20000,2020-02-11,32.70170415,-100.6229932,Deep,MASON 85 1D
106198,121178,41535527,4650.0,7000.0,24500,2020-02-14,32.57599227,-100.7526758,Deep,THUNDER VALLEY 236 UNIT 2D
106549,116313,31741240,12005.0,13277.0,50000,2018-05-21,32.3574908,-101.9817299,Deep,POE SWD D2
106564,118451,32943466,12000.0,14300.0,50000,2019-05-20,31.798422,-101.97765,Deep,BIG GULP SWD 1
106699,116122,22739437,10477.0,11289.0,50000,2018-03-09,32.31884,-101.58584,Deep,HYDRA SWD 1
106766,100881,41503896,6200.0,8400.0,13000,2009-07-08,32.94481096,-100.90244222,Deep,COGDELL CANYON REEF UNIT 6025
112457,112750,15132739,4316.0,5977.0,8000,2015-08-18,32.71959265,-100.57788539,Deep,DALE CAVE 4R
112538,113831,22739185,5350.0,9600.0,25000,2016-05-17,32.4607253,-101.62842141,Deep,CHAMPAGNES SWD 1
113408,115541,32942005,12044.0,14500.0,50000,2017-08-29,31.81526215,-102.0016358,Deep,BRYANT RANCH 23 SWD 1
115131,114780,22738945,10380.0,12000.0,20000,2017-01-03,32.407044,-101.599098,Deep,KNOTT SWD 2
115132,114783,22738833,8900.0,12500.0,25000,2017-01-04,32.3879203,-101.5309781,Deep,GARRETT-SNELL UNIT B 36-25 1D
115866,108021,31737576,4750.0,6100.0,10000,2013-08-27,32.09217645,-102.1318683,Deep,SOUTH CURTIS RANCH 404
116568,116798,31741891,10500.0,13000.0,20000,2018-09-25,32.397183,-101.717739,Deep,7H SWD 1
107098,119003,31742100,12250.0,14500.0,30000,2019-08-07,32.477547,-102.156861,Deep,HERDING CATS 1D
109155,111185,31739364,12800.0,15500.0,20000,2014-11-04,32.2498,-102.1748,Deep,MABEE 239 1SW
111295,117123,22740013,10250.0,13000.0,50000,2018-10-24,32.26872204,-101.66600439,Deep,AXIS SWD 1
112063,120920,32945398,11669.0,14000.0,50000,2020-02-05,32.0299702,-102.0406324,Deep,ELKINS ATRELLE SWD 1
112131,116511,41500013,7210.0,7500.0,20000,2018-07-20,32.748563,-100.667323,Deep,B.L. GARRISON 1
112132,116512,10933296,14793.0,17000.0,90000,2018-07-20,31.902505,-104.080942,Deep,HAY MARTIN 41 SWD 1
81383,116521,31741322,11000.0,14000.0,40000,2018-07-24,32.384738,-102.0274035,Deep,JONES-HOLTON D 5D
82319,109278,15131895,3000.0,4100.0,5000,2014-02-04,32.72118291,-100.56735178,Deep,MARTIN QR 4
83039,116047,22739944,10340.0,12000.0,50000,2018-02-21,32.25041028,-101.54919863,Deep,GUITAR 5D
83053,119831,22740391,10965.0,13000.0,35000,2019-11-20,32.484589,-101.658164,Deep,IDEN 31 SWD 1D
83073,119949,10933597,13887.0,15887.0,75000,2019-12-16,31.898013,-104.145537,Deep,NEEDLES 39 SWD 2
83078,116242,13543432,9750.0,13750.0,10000,2018-04-25,31.9646996,-102.3647968,Deep,RATLIFF RANCH 'A' 5A
85179,116337,31741325,10960.0,12500.0,35000,2018-05-29,32.13341205,-101.73841991,Deep,ANNALEA SWD 1
86674,117355,32933681,4490.0,6100.0,15000,2018-12-02,31.8646012,-102.1292158,Deep,SCHARBAUER JR 10SW
86697,117321,13531483,5600.0,8500.0,15000,2018-11-28,31.9201389,-102.4921861,Deep,JOHNSON DEEP UNIT 12WD
86749,117513,31741454,12400.0,14163.0,40000,2018-12-31,32.36908062,-102.20028793,Deep,UNIVERSITY 7-31B SWD D1
87642,110306,32939612,13250.0,14500.0,25000,2014-07-01,32.01138718,-102.21951802,Deep,MIDLAND 817 SWD 1
116767,117311,21937448,8000.0,12500.0,15000,2018-11-29,33.4747793,-102.4919321,Deep,WEST SUNDOWN UNIT 246D
117035,117356,32933809,4390.0,6160.0,15000,2018-12-02,31.8826266,-102.1193041,Deep,SCHARBAUER JR 12SW
117117,117559,32930970,4500.0,5530.0,30000,2019-01-06,31.8337374,-101.9987689,Deep,"BRADFORD, A. A. NCT-2 1"
117285,112276,30130197,5000.0,8600.0,25000,2015-03-26,31.65140549,-103.42108941,Deep,KEITH CAMP SWD 1
117820,117701,21937457,8000.0,12500.0,15000,2019-01-27,33.4938995,-102.4928458,Deep,CHALK HILLS DISPOSAL 505
118274,118823,15133124,7000.0,7298.0,24500,2019-07-07,32.7709831,-100.6473206,Deep,EMILY SWD 1D
119025,74865,31730471,4050.0,5160.0,1000,1975-05-09,32.2038173,-101.8466972,Deep,"GRISHAM, J. R. & GREEMAN, J. M. 2"
119624,118816,31742099,12000.0,14500.0,30000,2019-07-03,32.49027257,-102.13927841,Deep,BIG SIPPER 1D
113066,106023,32937435,3990.0,4260.0,35000,2012-11-28,31.919869,-101.821688,Deep,"POWELL, R.V. ETAL 18"
115623,115943,31741393,10600.0,12000.0,40000,2018-01-22,32.42519868,-101.731638,Deep,BLAGRAVE SWD 5 1
116476,113737,22738743,10150.0,13000.0,30000,2016-04-22,32.23989449,-101.60940222,Deep,RUSSELL SWD 1S
116526,116343,31741348,11410.0,13153.0,30000,2018-05-30,32.19084274,-101.94656059,Deep,SALE RANCH 27 1DD
117360,108115,10932532,13900.0,15000.0,50000,2013-09-17,31.95741941,-104.16849445,Deep,MIDDLEGROUND 16 FEE  SWD 3
117577,117855,22739875,10600.0,12000.0,30000,2019-03-04,32.44106046,-101.67486385,Deep,DIAMONDBACK-SMITH 2D
88378,104290,11532155,4000.0,5800.0,15000,2011-11-21,32.5414344,-102.1935341,Deep,ESTES FARMS 11 SWD 1D
90800,91287,31730652,4000.0,4800.0,12000,2001-08-23,32.10998838,-101.91703993,Deep,"LEWIS, KATHLEEN SWD 7D"
91811,124241,41535539,7160.0,7555.0,20000,2020-08-14,32.69313673,-100.66454385,Deep,STRAWBERRY 87 1D
91827,113058,17337868,11100.0,12500.0,30000,2015-10-21,31.80973391,-101.58036229,Deep,MALLARD 23 SWD 1D
91963,124214,31743781,11500.0,14000.0,20000,2020-08-07,32.3064631,-102.0017678,Deep,TOUCAN SWD 1R
92272,116531,31741667,11150.0,12335.0,25000,2018-07-25,32.46687642,-101.7826337,Deep,RANCH WATER 24 SWD 1
93265,81347,17332375,3300.0,6000.0,5000,1994-08-17,31.95350859,-101.68702038,Deep,"BRUNSON ""5"" #2 1"
120227,114611,31740569,13402.0,15000.0,10000,2016-11-28,32.189971,-102.187559,Deep,MABEE SWD 3
120561,120326,31742672,10600.0,11950.0,50000,2020-01-10,32.32257294,-101.71919977,Deep,WILKINSON RANCH 35 5D
120794,119931,10933539,14841.0,15930.0,100000,2019-12-16,31.974366,-104.06308,Deep,HAY LANDON 9 SWD 1
121296,101020,15132086,4340.0,4520.0,1500,2009-08-17,32.71965834,-100.58415003,Deep,"CAVE, DALE 2"
121298,115019,22739120,10400.0,11400.0,35000,2017-03-20,32.29065,-101.533019,Deep,LONG SWD 1
122033,111129,13543189,12800.0,14500.0,24000,2014-11-01,31.97543488,-102.35803368,Deep,RATLIFF A 3004SW
123538,105939,30131084,5300.0,6900.0,20000,2012-11-12,31.68492987,-103.36689246,Deep,UNIVERSITY 20-B SWD 1
123836,124923,22741433,7800.0,13000.0,35000,2021-10-15,32.43268,-101.338715,Deep,STURM SWD 1
118816,122137,41535518,7130.0,7520.0,20000,2020-04-03,32.71440898,-100.6906361,Deep,STEAKHOUSE 1WD
119332,116373,22739550,10450.0,11580.0,40000,2018-06-07,32.4445805,-101.6447666,Deep,ROBINSON 6 1D
119700,103236,10932395,13900.0,15150.0,50000,2011-06-03,31.90386751,-104.19442427,Deep,SPEND A BUCK 41 FEE 1
120184,114496,32941199,13490.0,15000.0,30000,2016-11-08,31.97424814,-102.19726035,Deep,HMW 2
120419,119940,31735205,4100.0,5200.0,25000,2019-12-11,32.24500514,-102.08450177,Deep,"SCHARBAUER ""B"" 17R"
121288,124499,15133088,6780.0,7130.0,20000,2020-12-08,32.83498037,-100.55312785,Deep,DJ 130 1WD
122610,124651,31743409,12275.0,13900.0,20000,2021-03-26,32.421598,-102.119824,Deep,BREEDLOVE URSA 2D
124287,125362,347034,,,20000,2022-07-15,32.42025154,-102.30396011,Deep,UNIVERSITY -37- 5
124438,125513,32933902,,,20000,2022-10-03,31.744364,-101.935863,Deep,MIDLAND 'AR' FEE 16
124439,125514,32933899,,,20000,2022-10-03,31.741905,-101.931021,Deep,MIDLAND 'AR' FEE 13
123710,124864,32945396,11100.0,13250.0,20000,2021-09-13,31.965845,-101.8847856,Deep,MIGHTY MO SWD 1
123828,124906,22741332,9450.0,10350.0,20000,2021-10-12,32.360803,-101.365115,Deep,FRYAR 3S 2XD
124028,125089,340028,10900.0,13800.0,20000,2022-02-01,32.37322326,-102.28377584,Deep,"FEE ""AO"" 1"
124147,125222,22741788,,,30000,2022-05-05,32.48088058,-101.3259216,Deep,GRIFFIN SWD 1H
125007,126073,3332638,,,20000,2023-07-31,32.52644,-101.275081,Deep,SHAFER SWD 1
125393,126464,22742238,,,20000,2024-03-06,32.453657,-101.263248,Deep,INGRAM SWD 1H
124732,125281,22742166,9100.0,10100.0,30000,2022-06-02,32.421754,-101.312384,Deep,EAST 350 SWD 1
124747,126314,38341268,,,20000,2023-12-15,31.234551,-101.337584,Deep,FOXHOLE SWD 1
125724,126795,13501448,,,10000,2024-09-16,31.696709,-102.621825,Deep,"CONNELL, W. E. NCT-3 48D"
124766,125825,23536576,,,24500,2023-04-04,31.43811032,-100.71788674,Deep,TULLOS 6D
124947,126012,32934363,,,40000,2023-06-23,31.755881,-102.034697,Deep,TXLV 43 1
125266,126337,22737880,,,30000,2024-01-04,32.466578,-101.280122,Deep,CROWN EXPLORATION BIGBY 1
125650,126721,33531782,,,15000,2024-07-19,32.51706,-101.149157,Deep,LOTTIE SWD 1
93967,119160,31742189,13000.0,15000.0,20000,2019-09-13,32.1387953,-102.1817782,Deep,DIRT DEVIL 1D
95305,84728,31731433,4350.0,12200.0,6500,1996-04-30,32.35882222,-101.97660666,Deep,POE 1
96509,118124,10933604,14864.0,15877.0,45000,2019-04-11,31.998333,-104.061667,Deep,BOWSER SWD 1
96532,118229,31742064,12500.0,14800.0,30000,2019-04-17,32.35923007,-102.128333,Deep,CAPRI SWD 1
96725,114289,31741196,10650.0,13500.0,40000,2016-09-19,32.4589536,-101.6938415,Deep,ATLANTIC SWD 1
96809,118483,22740024,7900.0,10600.0,45000,2019-05-22,32.4827563,-101.4459888,Deep,OUTLAW 1SW
96950,115301,22739144,10300.0,12000.0,25000,2017-06-05,32.363297,-101.521583,Deep,87 FAIRVIEW SWD 2
73287,108178,33535861,3000.0,5000.0,25000,2013-10-01,32.39136636,-100.91415306,Deep,HR COLORADO CITY SWD 1
73319,117564,31739041,12700.0,15000.0,10000,2019-01-06,32.19815,-102.14413,Deep,MABEE SWD 1
73360,117974,3332446,8300.0,10216.0,20000,2019-03-18,32.537097,-101.415206,Deep,GUNSIGHT 1D
75000,97528,3331474,9750.0,10000.0,10000,2007-05-03,32.61230645,-101.54725403,Deep,"JOHNSON, W. D. 11D"
75402,102445,22730129,3200.0,5300.0,20000,2011-02-01,32.29830126,-101.37546849,Deep,SENZA 2
78008,110736,22734579,3104.0,3230.0,25000,2014-08-29,32.35945415,-101.57600716,Deep,"RAY, DOIS 1"
78360,114956,22739064,9630.0,11000.0,25000,2017-02-24,32.27958395,-101.43654789,Deep,PIPELINE SWD 1
98706,110268,38930070,5350.0,6900.0,20000,2014-06-26,31.2200158,-103.33305801,Deep,REEVES 'AH' FEE 1W
99649,114861,32941621,11978.0,13036.0,30000,2017-02-01,31.88530575,-101.8499098,Deep,TEX HARVEY 15 SWD 1
99951,104206,13541347,4800.0,15000.0,30000,2011-11-02,32.04968729,-102.33454794,Deep,"FEE ""BL"" SWD 1"
100880,99117,31732701,4010.0,4780.0,6000,2008-08-04,32.318471,-101.77203,Deep,THEODORE WELLS SWD 1
102309,119444,22740294,10400.0,11740.0,25000,2019-11-01,32.15274,-101.670908,Deep,FAUDREE 1D
103109,115451,22739105,10250.0,11500.0,25000,2017-08-02,32.31405217,-101.60506056,Deep,OVATION GUITAR SWD 2
103268,115616,22739299,8150.0,11500.0,30000,2017-09-13,32.48434778,-101.53821474,Deep,GRACELAND SWD 1
104254,115317,32934075,4800.0,5985.0,15000,2017-06-12,31.674627,-102.026478,Deep,"COWDEN ""32"" 4"
104288,115338,31740775,11618.0,13021.0,30000,2017-06-21,32.379679,-101.935597,Deep,HECKER SWD RT D2
104765,116559,31741389,12500.0,13884.0,24000,2018-07-31,32.140423,-102.15889,Deep,JOHNSON RANCH 16SW
78733,110055,31735255,4770.0,6300.0,15000,2014-05-19,32.12288062,-102.20964209,Deep,CROSS BAR RANCH 1901SW
80641,112675,17337204,11050.0,13750.0,30000,2015-07-31,31.66788212,-101.56935633,Deep,DANIEL -28- SWD 1D
80700,117379,10303614,6150.0,8461.0,5000,2018-12-06,31.4282299,-102.5374205,Deep,"LEA, P. J. -C- 2"
82370,102203,17333276,4800.0,6500.0,20000,2010-09-10,32.01353447,-101.46880201,Deep,BALLENGER 1
83063,119874,31742329,11250.0,12430.0,40000,2019-11-25,32.33324997,-101.82183817,Deep,TORMUND SWD 20SD
83172,105752,11533368,4000.0,12270.0,20000,2012-09-26,32.56878145,-102.02009061,Deep,BROWN AND ECHOLS 2101
83379,91933,300438,8822.0,9100.0,10000,2002-02-19,32.180667,-102.757789,Deep,UNIV. -11- SEC. -1- C1
85069,116252,10502593,4800.0,5600.0,10000,2018-04-30,31.06063288,-102.28397222,Deep,SOUTH CROSS UNIT 144
85310,116637,32942497,11700.0,15000.0,40000,2018-08-17,31.97005904,-102.04621193,Deep,BULLDOG SWD 1
86362,93220,26300448,4500.0,9000.0,13000,2003-07-11,32.98056212,-100.84123712,Deep,COGDELL CANYON REEF UNIT 1060W
86521,116911,10933356,13643.0,14638.0,70000,2018-10-07,31.884328,-104.229736,Deep,COUNT FLEET 48 SWD 4
86766,117762,10933393,14730.0,15720.0,70000,2019-02-10,31.85912,-104.130366,Deep,LEONATUS 11 SWD 2
86850,103413,31733131,5550.0,6175.0,15000,2011-06-30,32.48613214,-102.14751892,Deep,MABEE FOUNDATION 1RE
89638,63761,17331920,4776.0,4982.0,10000,1987-07-23,31.92968873,-101.67602624,Deep,"POWELL, E.L. 7D"
89658,89207,31733089,4750.0,5200.0,1500,1999-09-29,32.14384048,-102.10069514,Deep,GEORGE W. GLASS -24- 1D
91085,119945,38938499,15346.0,16503.0,90000,2019-12-10,31.854988,-104.013794,Deep,SQUIGGY 58-T2-12 SWD 902
91839,113169,22738653,9350.0,11900.0,40000,2015-11-23,32.461466,-101.6429869,Deep,GASKINS 43 1D
91987,124634,32944800,10800.0,13500.0,24500,2021-03-17,31.903765,-101.786134,Deep,WTH 7 SWD 2
104808,116842,31741474,10250.0,12587.0,30000,2018-10-02,32.367913,-101.724712,Deep,TENNISON 46 2D
106585,116597,32934484,11550.0,11966.0,10000,2018-08-08,31.739853,-102.212014,Deep,"SANDERS, JUNE T. 6H"
106635,91210,31732854,4150.0,4660.0,30000,2001-08-01,32.1738928,-101.9259943,Deep,YATER SWD 2W
106912,112743,10932853,14550.0,16700.0,50000,2015-08-14,31.97327644,-104.09672587,Deep,HH SE 7 SWD 1
107278,115890,13538972,5760.0,6100.0,20000,2018-01-03,31.9259708,-102.44947005,Deep,JOHNSON J. L. 'O' 12WD
108123,111050,346648,12000.0,15000.0,30000,2014-10-20,32.26008335,-102.25290007,Deep,MABEE 240F 35SW
93734,117703,15100309,2825.0,3400.0,15000,2019-01-26,32.7557629,-100.6217813,Deep,CAMP SPRINGS 31 1WD
94025,105121,31737258,11745.0,12675.0,10000,2012-05-14,32.47818077,-102.0934694,Deep,"BREEDLOVE, F. D., -B- 49"
94854,114451,10932982,14740.0,15763.0,90000,2016-10-24,31.78707537,-104.12914838,Deep,MINE THAT BIRD 38 FEE SWD 9
95733,117758,32943129,13400.0,14500.0,30000,2019-02-10,31.99475959,-102.19518017,Deep,DYSON 1D
95888,120848,3332533,7450.0,12500.0,20000,2020-02-05,32.5698331,-101.3610064,Deep,MAD DOG SWD 1D
95933,109838,32939312,12310.0,15000.0,30000,2014-04-16,32.041412,-102.261877,Deep,M.F. KING SWD 2
95972,118554,10933473,11790.0,13790.0,70000,2019-05-07,31.87397,-104.28162,Deep,SIR BARTON 4 SWD 9
96910,115127,22738993,10340.0,12000.0,30000,2017-04-24,32.27939706,-101.5589035,Deep,GUITAR 12 SWD 1D
97819,115022,47530673,6500.0,8280.0,30000,2017-03-20,31.4245144,-103.29132834,Deep,ARCO STATE 1028D
108334,104203,16537497,11500.0,13200.0,90000,2011-10-24,32.76826525,-102.68256981,Deep,SEMINOLE SAN ANDRES UNIT SWDD 4
110247,115339,31740776,12700.0,14200.0,40000,2017-06-21,32.3930105,-102.1732963,Deep,UNIVERSITY 7-27 SWD D2
110311,110589,10932704,12425.0,14500.0,25000,2014-07-29,31.94212818,-104.28739833,Deep,DR STATE EAST 20SW
110420,108807,31739040,11900.0,14900.0,30000,2013-12-02,32.1981541,-102.1925617,Deep,MABEE SOUTH SWD 2
110938,102939,330205,4588.0,5300.0,4000,2010-12-14,32.203887,-102.229283,Deep,MABEE UNIT 279W
111999,114152,22739387,7825.0,13000.0,35000,2016-07-27,32.458605,-101.425528,Deep,846 SWD 1
112074,116428,347807,12530.0,14180.0,30000,2018-06-28,32.4389595,-102.243603,Deep,QUEEN BEE SWD 1
112328,115114,31740809,11600.0,13500.0,20000,2017-04-19,32.335546,-101.891823,Deep,BROWN SWD 1
98923,122870,31743701,11500.0,14000.0,40000,2020-05-18,32.17910509,-101.89952691,Deep,PALO VERDE SWD 1
99423,107431,336555,11340.0,13330.0,15000,2013-05-01,32.21914494,-102.25315977,Deep,MABEE 38 SWD 1
100604,117689,38932984,4100.0,6900.0,20000,2019-01-26,31.343789,-103.670882,Deep,OLD YUCCA 3
102308,119416,31742449,10600.0,12120.0,50000,2019-10-21,32.45681481,-101.74343649,Deep,TRITON SWD 1
102531,115480,22739038,10118.0,10470.0,30000,2017-08-11,32.20152147,-101.47483962,Deep,FLETCH 1
102910,115597,22739198,8850.0,12500.0,20000,2017-09-11,32.41399,-101.567019,Deep,SHROYER 2D
103546,105895,32931586,4940.0,6120.0,20000,2012-10-31,31.8884403,-102.14109423,Deep,"SCHARBAUER ""35B"" 1"
104614,115807,32942752,13500.0,15000.0,30000,2017-11-28,31.974628,-102.21753137,Deep,RATTLER 1D
104730,116382,31741297,11000.0,14000.0,40000,2018-06-11,32.374057,-101.974365,Deep,HECKER 2D
113623,115427,22739585,9700.0,11250.0,35000,2017-07-25,32.295866,-101.4691661,Deep,SCREAMIN' EAGLE SWD 1
113680,115771,22739281,10000.0,12200.0,30000,2017-11-14,32.23298993,-101.68407974,Deep,HUGHES 1D
116229,115952,22739572,10400.0,12000.0,40000,2018-01-23,32.404237,-101.631437,Deep,BLAGRAVE SWD 19 1
116454,116469,32942144,12055.0,14000.0,20000,2018-07-12,31.996669,-102.027314,Deep,RANCHLAND 5 2D
116547,116573,41535446,3000.0,3800.0,25000,2018-08-01,32.72965522,-100.70352139,Deep,HENDERSON 2
116774,122913,31743017,10642.0,11860.0,50000,2020-05-19,32.304956,-101.703859,Deep,BEAVER SWD 1D
117367,123924,31743455,10500.0,12000.0,24500,2020-07-29,32.35074165,-101.71429617,Deep,HUGHES 44 SWD 1
104741,116421,22739562,9700.0,11500.0,10000,2018-06-27,32.148719,-101.471837,Deep,TUBB SWD 1D
105384,115644,32941758,11100.0,13418.0,30000,2017-09-20,31.8593,-102.0629056,Deep,MORELAND 4 3W
105600,108965,23535712,8850.0,9900.0,7000,2013-12-18,31.10203594,-101.22239162,Deep,UNIVERSITY UNIT '5-20-21' 1SW
106350,114255,32941191,12250.0,14900.0,24000,2016-09-06,31.9446449,-102.2517506,Deep,DJK 48 SWD 1
106379,101792,31731523,4100.0,5545.0,25000,2010-05-27,32.37820084,-101.96785452,Deep,HECKER SWD 2451SW
106409,101953,31734301,4250.0,4588.0,12000,2010-07-21,32.09111653,-101.94046757,Deep,"DICKENSON ""20"" SWD 3WD"
106704,96680,32931079,4580.0,5600.0,15000,2006-08-03,31.82993183,-102.01522319,Deep,"MIDLAND ""AF"" FEE 1"
107361,119232,41534743,3300.0,4000.0,15000,2019-09-23,32.74818412,-100.72193978,Deep,TAYLOR 1WD
107906,117157,10933316,11916.0,13100.0,90000,2018-10-30,31.915112,-104.302785,Deep,DR A BRIGHTON 31 SWD 1
119221,112479,32940316,13400.0,14500.0,20000,2015-06-01,31.959118,-102.198487,Deep,HMW 1
119314,103009,342169,4800.0,15000.0,30000,2011-02-10,32.1364463,-102.26834926,Deep,"FEE ""BM"" 1"
120139,117944,348054,12700.0,15500.0,60000,2019-03-08,32.253424,-102.261496,Deep,MABEE 12 SWD 1
120416,119908,31742755,10500.0,13000.0,30000,2019-12-10,32.4038408,-101.7392368,Deep,GORGON 1
121868,110036,31738537,4400.0,5200.0,10000,2014-05-14,32.16670572,-102.10346741,Deep,"GLASS, G.W. ""B"" 19"
122002,110792,38339443,11200.0,12700.0,25000,2014-09-05,31.487953,-101.6015981,Deep,REAGAN 333 SWD 1
123147,102741,342160,11200.0,13280.0,20000,2011-04-14,32.25721649,-102.26528128,Deep,MABEE 240 4001
108122,111042,38333034,5596.0,6063.0,20000,2014-10-20,31.33984084,-101.44866611,Deep,COATES 12
108342,116093,10933166,14500.0,16500.0,100000,2018-03-05,31.94728703,-104.10434233,Deep,HAY BRANDON 19 SWD 1
108501,109201,32939064,8500.0,13600.0,30000,2014-01-27,31.95821611,-102.16961306,Deep,SPANISH TRAIL 200SW
109283,116169,22739442,8450.0,11436.0,20000,2018-03-28,32.485752,-101.582871,Deep,MIDDLETON 2 2D
109317,116209,22739276,10100.0,11500.0,30000,2018-04-16,32.29810347,-101.4975964,Deep,BADGER SWD 1
109571,107930,32931214,5850.0,14500.0,30000,2013-07-24,32.01604783,-102.21448337,Deep,"FEE ""AA"" 1"
109771,114862,32930805,4576.0,5809.0,20000,2017-02-01,31.85495382,-101.9935537,Deep,MIDLAND -AB- FEE 1
109794,114946,10933026,15000.0,16500.0,50000,2017-02-23,31.86462427,-104.07646564,Deep,HAY ZOELLE 9 SWD 1
110030,111641,10932782,13810.0,14800.0,50000,2014-12-30,31.81591015,-104.1945797,Deep,ELWOOD 29 FEE SWD 1
110498,104645,22734923,3100.0,3700.0,5000,2012-02-15,32.46916622,-101.39623522,Deep,CAO 1
111025,97873,31733575,4500.0,6854.0,10000,2007-08-10,32.36762062,-101.83636641,Deep,BROWN SWD 1
111130,115811,22736810,3200.0,4200.0,10000,2017-12-05,32.13837586,-101.63612991,Deep,HOMAN -29- 1D
112109,116353,38936799,14750.0,17600.0,80000,2018-06-01,31.988622,-104.020124,Deep,HWY 285 SWD 3
112395,115277,31740804,10200.0,14000.0,40000,2017-06-01,32.35661539,-101.76173554,Deep,WILBANKS 16 6D
123885,124970,22741307,9248.0,10000.0,20000,2021-11-19,32.374405,-101.338078,Deep,BUCHANAN 3111 1XD
123960,125045,348480,11000.0,16000.0,20000,2022-01-07,32.2082,-102.3608,Deep,FEE 'CI' SWD 1
124692,125767,22741843,,,30000,2023-02-21,32.5090795,-101.4386297,Deep,OUTLAW N 2SW
124728,125803,33536013,,,0,2023-03-10,32.423,-101.170059,Deep,MONGOOSE AGI 1
124901,125965,41535716,,,24500,2023-06-13,32.53442152,-100.8018825,Deep,CHINA GROVE SWD 1D
112988,112375,31736826,4200.0,5600.0,20000,2015-04-21,32.36191259,-102.01322624,Deep,JONES-HOLTON SWD 25D
113088,115809,3332432,8000.0,12500.0,25000,2017-11-28,32.54079203,-101.54362732,Deep,DRAGON 1D
114115,111251,335552,4650.0,8500.0,20000,2014-11-12,32.133533,-102.261864,Deep,"FEE ""BM"" 2SW"
115133,114801,22739119,9730.0,10800.0,35000,2017-01-12,32.309861,-101.418274,Deep,N. MIDWAY SWD 1
115135,114807,22739098,7879.0,13000.0,35000,2017-01-17,32.463471,-101.410854,Deep,846 SWD 2
115278,51371,21931844,11700.0,12500.0,12000,1984-03-30,33.39448551,-102.46586241,Deep,"FRAZIER, W. G. 95"
115592,121032,31742527,10573.0,11553.0,80000,2020-02-12,32.295713,-101.734142,Deep,JAKE THE SNAKE SWD 1
115894,117972,38930242,4100.0,6900.0,20000,2019-03-16,31.419509,-103.65892,Deep,SALT GRASS 1
125005,126071,22742151,,,20000,2023-07-31,32.446351,-101.225636,Deep,COLE SWD 1H
125380,126451,45132916,,,24500,2024-02-23,31.6196606,-100.7452793,Deep,JJE 1WD
116353,116271,22739488,10300.0,13000.0,20000,2018-05-04,32.209659,-101.617028,Deep,WHISTLING DUCK 1D
117475,119465,10933588,11520.0,12800.0,100000,2019-11-01,31.86502342,-104.3712434,Deep,TR UE BLUE SWD 1
117584,117949,31742432,11350.0,12200.0,30000,2019-03-12,32.166635,-101.725256,Deep,SALT LAKE SWD 1
117877,124519,3332542,9850.0,11500.0,20000,2020-12-21,32.6065092,-101.583212,Deep,BRAHMA SWD 1
118325,118230,31742062,12200.0,14800.0,50000,2019-04-17,32.40535765,-102.1033843,Deep,CORSICA SWD 1
119122,118822,41510070,3180.0,3660.0,20000,2019-07-07,32.7504585,-100.6779499,Deep,YELLOWSTONE 1WD
119322,116360,32942355,11100.0,13050.0,40000,2018-06-04,32.0456241,-101.8871822,Deep,"EPLEY, L.B. 18D"
119356,113468,31738026,4800.0,6450.0,15000,2016-02-02,32.3134169,-102.10566769,Deep,HOLT RANCH 17
120013,114509,10932828,3300.0,5760.0,30000,2016-11-09,31.71469523,-104.08693476,Deep,HSS STATE 45-18X7 1H
120058,117700,22739671,10500.0,11500.0,80000,2019-01-26,32.3629884,-101.6146309,Deep,ANDRE THE GIANT SWD 1
120138,117943,31741765,11129.0,12480.0,25000,2019-03-12,32.2646278,-101.7916109,Deep,DAGGER LAKE SWD 08SD
120265,124638,15133086,6739.0,7180.0,20000,2021-04-09,32.799453,-100.5781,Deep,DON GRUBEN 58 SWD 1
120815,122084,22740609,10440.0,11955.0,38880,2020-03-31,32.36737127,-101.63618125,Deep,COTTONMOUTH 1D
121394,118961,31742165,12000.0,14500.0,30000,2019-07-26,32.48620351,-102.18803773,Deep,BIG GULP 1D
121401,115201,22739085,10900.0,13000.0,30000,2017-05-16,32.5111514,-101.6479508,Deep,MASSINGILL 20 SWD 1D
123105,102459,17333076,3340.0,3950.0,14000,2011-02-08,31.72647387,-101.53699995,Deep,DANIEL 4
123484,105208,13538803,4850.0,6000.0,15000,2012-05-29,31.97111136,-102.41512785,Deep,CUDA DISPOSAL 1
123843,124944,15133207,2800.0,3700.0,20000,2021-11-03,32.768065,-100.615934,Deep,HOGO 1WD
124082,125157,15133233,,,20000,2022-03-16,32.801977,-100.581092,Deep,LONESOME DOVE WD 1
124118,125193,348219,,,20000,2022-04-13,32.128181,-102.304063,Deep,FEE 'BP' SWD 1
124416,125491,3332602,,,30000,2022-09-16,32.646897,-101.435439,Deep,DARKHORSE SWD 1
124452,125527,32933897,,,20000,2022-10-07,31.735781,-101.942626,Deep,MIDLAND 'AR' FEE 11
125043,126110,336555,,,15000,2023-08-17,32.219117,-102.253144,Deep,MABEE 38 SWD 1
125077,126144,41535373,,,10000,2023-09-15,32.840159,-100.705168,Deep,DRIPPING SPRINGS 1D
125672,126743,46142509,,,35000,2024-07-30,31.229187,-101.920312,Deep,JAR JAR BINKS SWD 1
125688,126759,22742503,,,20000,2024-08-12,32.473205,-101.185014,Deep,FLINT ROCK 10XD
125899,126970,13540441,,,20000,2025-01-24,32.016884,-102.390491,Deep,GARDENDALE 12 1
76457,102113,21937129,8100.0,11630.0,20000,2010-07-30,33.6023416,-102.40968288,,LEVELLAND UNIT 1208WD
71173,113472,49332858,8200.0,9100.0,25000,2016-02-02,29.14830499,-97.86761861,,BROOKS 1
76460,102122,21937131,8100.0,11700.0,20000,2010-08-04,33.53242641,-102.47273433,,SOUTHEAST LEVELLAND UNIT 370WD
77089,82597,16534629,8500.0,8680.0,20000,1994-04-29,32.85348721,-102.25787874,Shallow,AMERICAN WAREHOUSE COMPANY 'A' 1
79654,115345,31740777,12088.0,12803.0,50000,2017-06-22,32.3560349,-101.9643425,Shallow,GT HALL D1
100650,117806,31742435,11250.0,13500.0,30000,2019-02-25,32.4297566,-101.9216272,Shallow,BARTON SPRINGS 12 SWD 1
104057,122851,31745138,11500.0,14000.0,20000,2020-05-15,32.19194823,-101.9040483,Shallow,SAGUARO SWD 1
120144,124561,32946646,12380.0,14300.0,30000,2021-01-27,31.9185243,-101.9777216,Shallow,DOVE ACRES SWD 1
116426,124532,31743097,10550.0,12300.0,80000,2021-01-08,32.42728295,-101.70768417,Shallow,CANEBRAKE 1D
118580,120014,31745072,12800.0,15000.0,24950,2019-12-18,32.4016792,-101.9532035,Shallow,GUS MCCREA SWD 2
123480,105169,25532697,8950.0,11950.0,20000,2012-05-16,29.1335851,-97.7940131,,GILLETT SWD 1
124733,12607,3332638,7300.0,8100.0,20000,2023-07-31,32.52644,-101.275081,Shallow,SHAFER SWD 1
82979,119225,31742496,10500.0,13000.0,10000,2019-09-23,32.12035,-102.006281,Shallow,BALL PEIN 1D
117456,119372,47538536,7105.0,8305.0,20000,2019-10-16,31.431788,-103.292128,Shallow,ARCO STATE 29D
122603,124500,22700000,9570.0,10930.0,30000,2020-12-08,32.4409191,-101.3922651,Shallow,IDEN 24 SWD 1
123675,124949,22741186,10240.0,11350.0,10000,2021-11-04,32.24992,-101.608093,Shallow,AVAMPATO 1D
