InjectionWellId,UICNumber,APINumber,PermittedIntervalTopFt,PermittedIntervalBottomFt,PermittedMaxLiquidBPD,WellActivatedDate,SurfaceHoleLatitude,SurfaceHoleLongitude,WellTDFt,WellClassification,WellName
830,12187,304835,7627.0,7808.0,1600.0,1959-04-13,32.16581568,-103.04562023,8637.0,Deep,DOLLARHIDE UNIT 1553D
13991,20183,31730078,3900.0,5000.0,5000.0,1977-05-22,32.30359092,-101.86306908,8912.0,Deep,LENORAH 1D
17240,6374,18330080,3708.0,3800.0,20000.0,1973-06-18,32.45277,-94.898419,3800.0,,BOLDRICK 3
24760,39662,13506652,5032.0,5376.0,5000.0,1957-09-24,31.90743726,-102.3140584,11845.0,Deep,HEADLEE DEVONIAN UNIT 63
30001,45228,22731166,3749.0,5641.0,5000.0,1981-11-17,32.4436102,-101.63323473,9100.0,Deep,ALLRED SWD 1
35072,50386,31730538,4000.0,5500.0,6000.0,1983-12-07,32.133011,-102.041506,9430.0,Deep,GLASS -E- 1D
35415,44195,18330504,3618.0,3703.0,20000.0,1981-06-18,32.475821,-94.922341,,,HAMON - COLVILLE 3
51261,48766,31730700,3600.0,4500.0,3000.0,1983-08-02,32.11091466,-101.94462002,8980.0,Deep,"DICKENSON, OLTON -A- 1 1"
57877,104257,31737420,4600.0,6725.0,20000.0,2011-11-15,32.21938089,-102.13863391,6725.0,Shallow,HORNED FROG 1
58243,93622,32934969,4600.0,5800.0,20000.0,2003-12-18,31.89869422,-102.16223463,5789.0,Shallow,BRYANT G (DEVONIAN) UNIT 52SW
61464,89752,31730142,4010.0,5950.0,4500.0,2000-03-29,32.220008,-101.996868,9180.0,Deep,DICKENSON SWD 1
63202,103600,32902024,6420.0,13391.0,20000.0,2011-08-18,31.7408469,-102.20797813,13391.0,Deep,"SANDERS, JUNE T. 3"
65483,113055,22738574,9607.0,10700.0,20000.0,2015-10-20,32.3950326,-101.4835524,10575.0,Deep,TATE -D- 3
67296,67865,31710260,4800.0,6375.0,15000.0,1989-01-04,32.22212109,-102.12595493,10045.0,Deep,SCHARBAUER -H- 1D
68221,110802,22734916,8570.0,8732.0,25000.0,2014-09-08,32.48653208,-101.58589257,8732.0,Deep,MIDDLETON 38 1
3584,15177,13502347,5200.0,5530.0,6000.0,1963-06-05,31.97755353,-102.39023482,12754.0,Deep,BARROW WIW 2
13912,20023,31730373,4200.0,5527.0,700.0,1971-11-09,32.29774847,-101.95993524,5527.0,Shallow,"HOWARD, VIVIAN 1WD"
22336,15760,301016,12611.0,13837.0,25000.0,1964-10-08,32.40023594,-102.28803785,13837.0,Deep,HUTEX S W D SYSTEM G12
37023,45155,31732534,4000.0,5500.0,6000.0,1982-09-08,32.09610942,-102.05447629,5500.0,Shallow,STIMSON BURLEY -D- 1D
37627,58016,31732123,4200.0,5500.0,3300.0,1985-04-03,32.28231646,-102.02932285,9470.0,Deep,MAYS 2D
38761,46212,31731528,4350.0,12130.0,9000.0,1982-02-02,32.35650004,-101.97162001,11915.0,Deep,TOM 2
64732,84368,22734375,8700.0,10800.0,5000.0,1996-02-29,32.27496346,-101.62913317,10700.0,Deep,GUITAR ESTATE -B- 2D
64832,97001,22735046,2714.0,3122.0,8000.0,2006-12-04,32.35124628,-101.5778856,3152.0,Shallow,LLOYD SWD 2
65401,112669,31740207,4300.0,5800.0,30000.0,2015-07-29,32.173184,-101.978843,5816.0,Shallow,NAIL SWD 1
65402,112680,32900423,10300.0,14000.0,10000.0,2015-08-03,31.77735115,-102.24581809,13270.0,Deep,DORA ROBERTS RANCH UNIT 2103
70081,105567,31737381,4200.0,5700.0,20000.0,2012-08-22,32.39087394,-102.02385799,5818.0,Shallow,JONES-HOLTON SWD 2WD
70265,119379,30134491,5300.0,7700.0,40000.0,2019-10-16,31.997547,-103.361417,7790.0,Shallow,ROSS SWD 5
74010,114883,31740880,4250.0,5600.0,25000.0,2017-02-07,32.21506135,-101.99369802,5600.0,Shallow,MCMORRIES 18 SWD 1D
74011,114884,31741017,12000.0,13550.0,50000.0,2017-02-07,32.2016549,-101.9964974,13013.0,Deep,MCMORRIES 18 SWD 2D
74211,115144,22738978,10150.0,13000.0,30000.0,2017-04-27,32.28103932,-101.67967682,11388.0,Deep,LIMEQUEST 6 SWD 1D
3480,10291,38301327,3250.0,3700.0,15000.0,1962-06-22,31.44561847,-101.57620859,3700.0,Shallow,"GUNTER SWD A'"" 1D"
9914,12242,13506726,5000.0,5700.0,15000.0,1978-05-26,31.8342916,-102.29082885,13416.0,Deep,"PARKS, ROY -B- TG 24W"
16337,12240,32901986,13000.0,13500.0,15000.0,1972-05-25,31.85647564,-102.27599792,13319.0,,"PARKS, ROY -B- TG 20W"
18459,10722,31700024,4450.0,4800.0,20000.0,1980-10-31,32.48501157,-102.03672063,12117.0,Deep,O'NEAL 1D
18761,10717,31731601,10910.0,12424.0,10000.0,1977-04-29,32.48874382,-102.09517858,12424.0,Deep,"BREEDLOVE, F. D., -B- 24D"
24545,17033,22703675,9892.0,9922.0,2000.0,1967-05-24,32.45654135,-101.47629742,9957.0,Deep,SOUTHEAST LUTHER/FUSSELMAN/ UNIT 1001W
35832,64225,31731170,4400.0,5800.0,5000.0,1987-10-09,32.13768057,-102.08742441,9350.0,Deep,GLASS -J- 2D
48150,68130,22734107,3430.0,6059.0,12500.0,1989-02-14,32.43469844,-101.59920472,10423.0,Deep,SON OF BIG BAD 1
53882,68327,31731480,4350.0,12200.0,6500.0,1989-02-27,32.36348778,-101.97330081,11854.0,Deep,"PAT, K. 2"
72148,113942,31740488,11000.0,14000.0,40000.0,2016-06-17,32.39041644,-101.96918938,13890.0,Deep,HECKER 1D
72350,116192,31741183,3721.0,4711.0,20000.0,2018-04-06,32.2704315,-101.8170441,12571.0,Deep,WADDELL 12 1D
74383,113829,22734702,3700.0,4900.0,25000.0,2016-05-13,32.4597647,-101.62712021,8937.0,Deep,IDEN SWD 4A
75226,118973,31742511,11500.0,14000.0,50000.0,2019-07-31,32.26548,-102.017452,13447.0,Deep,SUNFLOWER SWD 1
76328,67372,22734245,9700.0,10277.0,10000.0,1988-10-04,32.3912777,-101.48383312,10277.0,Deep,TALBOT 3D
78082,84968,22734841,3300.0,6000.0,1500.0,1996-07-15,32.40717674,-101.59006643,8888.0,Deep,STASEY 1
68500,101479,336353,4820.0,5000.0,10000.0,2010-02-12,32.13046993,-102.22546235,5000.0,Shallow,CROSS BAR RANCH 2000SW
68657,105375,22737122,3340.0,4800.0,20000.0,2012-07-03,32.39890607,-101.66556075,4800.0,Shallow,WEST KNOTT SWD 1
69968,109990,15100308,7000.0,7500.0,5000.0,2014-05-07,32.74441705,-100.6307689,7466.0,Deep,GORDON A 1R
70947,99289,306772,4800.0,15200.0,30000.0,2008-07-22,32.15673223,-102.29110317,14649.0,Deep,"DAVID FASKEN O"""" 1"
73319,117564,31739041,12700.0,15000.0,10000.0,2019-01-06,32.1981442,-102.1441208,15000.0,Deep,MABEE SWD 1
73360,117974,3332446,8300.0,10216.0,20000.0,2019-03-18,32.537097,-101.415206,10625.0,Deep,GUNSIGHT 1D
75000,97528,3331474,9750.0,10000.0,10000.0,2007-05-03,32.61230645,-101.54725403,9986.0,Deep,"JOHNSON, W. D. 11D"
76054,107144,13542143,4300.0,6000.0,30000.0,2013-03-22,31.84971599,-102.30774866,6150.0,,FIREBIRD ECTOR SWD 1
78008,110736,22734579,3104.0,3230.0,25000.0,2014-08-29,32.35945415,-101.57600716,9550.0,Deep,"RAY, DOIS 1"
78360,114956,22739064,9630.0,11000.0,25000.0,2017-02-24,32.27958395,-101.43654789,11000.0,Deep,PIPELINE SWD 1
78544,105497,31737768,3600.0,4100.0,10000.0,2012-08-06,32.29898743,-101.70570625,4320.0,Shallow,WILKINSON RANCH 2D
78733,110055,31735255,4770.0,6300.0,15000.0,2014-05-19,32.12288062,-102.20964209,10734.0,Deep,CROSS BAR RANCH 1901SW
79160,112977,10932848,2580.0,4900.0,20000.0,2015-10-01,31.7562617,-104.25433929,4900.0,Shallow,DOUBLE C SWD 1
80648,117805,31742384,3450.0,5200.0,20000.0,2019-02-21,32.33909427,-101.87790955,5200.0,Shallow,RUBY SWD 1
80700,117379,10303614,6150.0,8461.0,5000.0,2018-12-06,31.4282299,-102.5374205,8461.0,Deep,"LEA, P. J. -C- 2"
78811,116518,31742145,3600.0,5700.0,30000.0,2018-07-23,32.205842,-101.746814,5700.0,Shallow,WISHBONE 40 1D
78893,110504,32939478,4449.0,5080.0,20000.0,2014-07-22,32.05823031,-102.06989028,5080.0,Shallow,SYNATSCHK 100SW
78936,110759,32933636,4540.0,5600.0,20000.0,2014-09-30,31.88262631,-102.16819428,11200.0,Deep,"SCHARBAUER, C.,-B- NCT-1 14"
79654,115345,31740777,12088.0,12803.0,50000.0,2017-06-22,32.3560349,-101.9643425,12908.0,Deep,GT HALL D1
80690,117936,22740032,10500.0,11900.0,30000.0,2019-03-11,32.36640238,-101.68190784,8120.0,Deep,DB HUGHES 1D
80949,118343,38937418,3650.0,5650.0,20000.0,2019-05-01,31.671439,-104.036243,5650.0,Shallow,SALT MINE TWO 1
80983,118456,22741311,7800.0,12640.0,35000.0,2019-05-22,32.43876637,-101.42167019,9655.0,Deep,JACK BUCHANAN SR SWD 1
81383,116521,31741322,11000.0,14000.0,40000.0,2018-07-24,32.384738,-102.0274035,13785.0,Deep,JONES-HOLTON D 5D
82319,109278,15131895,3000.0,4100.0,5000.0,2014-02-04,32.72118291,-100.56735178,4262.0,Deep,MARTIN QR 4
82830,108073,38933709,3800.0,6000.0,40000.0,2013-09-05,31.591521,-103.8885219,5595.0,Shallow,PSL STATE 1801
83039,116047,22739944,10340.0,12000.0,50000.0,2018-02-21,32.25041028,-101.54919863,12000.0,Deep,GUITAR 5D
83053,119831,22740391,10965.0,13000.0,35000.0,2019-11-20,32.484589,-101.658164,11877.0,Deep,IDEN 31 SWD 1D
83073,119949,10933597,13887.0,15887.0,75000.0,2019-12-16,31.898013,-104.145537,15455.0,Deep,NEEDLES 39 SWD 2
83078,116242,13543432,9750.0,13750.0,10000.0,2018-04-25,31.96469964,-102.36479704,13750.0,Deep,RATLIFF RANCH 'A' 5A
85179,116337,31741325,10960.0,12500.0,35000.0,2018-05-29,32.13341205,-101.73841991,12525.0,Deep,ANNALEA SWD 1
76197,114948,22739065,10340.0,11500.0,20000.0,2017-02-24,32.394402,-101.561671,11500.0,Deep,87 AIRSTRIP SWD 1
78572,105527,31737387,4200.0,5632.0,20000.0,2012-08-16,32.36575253,-102.01876232,5727.0,Shallow,JONES-HOLTON SWD 1WD
78588,113121,13536412,11778.0,14500.0,10000.0,2015-11-12,31.967283,-102.367196,13645.0,Deep,RATLIFF 'F' 1
78607,115608,22739197,8850.0,12500.0,25000.0,2017-09-11,32.435831,-101.570429,11585.0,Deep,ELROD-ANTELL 1D
78754,115879,32930927,4531.0,5523.0,20000.0,2017-12-20,31.8415328,-102.00254141,11395.0,Deep,FIRST UNITED METHODIST CHURCH B 1
78989,115918,22740963,9750.0,13000.0,35000.0,2018-02-20,32.359999,-101.395278,10648.0,Deep,LONG 350 SWD 1
79924,80978,32932884,4590.0,5650.0,15000.0,1994-05-17,31.83360172,-102.05943144,8850.0,Shallow,MIDLAND 'AH' FEE 3D
80761,113775,38937871,4138.0,5128.0,40000.0,2016-05-03,31.64240103,-103.93445174,5280.0,Shallow,NEWSOM 12 SWD 1
81296,116306,31741025,13031.0,13953.0,30000.0,2018-05-17,32.263789,-102.192392,14429.0,Deep,MABEE 6 SWD 1
82149,93294,31731432,4100.0,4430.0,700.0,2003-08-05,32.47179708,-101.98650487,12423.0,Deep,"ROLLOW A"""" 1D"
83099,116274,22739482,10361.0,11477.0,50000.0,2018-05-08,32.317396,-101.632668,11630.0,Deep,DELPHIN SWD 1
84937,113110,38935373,5000.0,6100.0,35000.0,2015-11-09,31.935656,-103.988253,6100.0,Shallow,ORLA NORTH SWD 1
86625,117290,31741639,10600.0,13000.0,25000.0,2018-11-28,32.336572,-101.697763,11565.0,Deep,WILKINSON RANCH 375
86676,117418,31741652,11050.0,12300.0,30000.0,2018-12-15,32.1421663,-101.7785941,12300.0,Deep,MARIENFELD 13 1D
86711,117351,38340348,3150.0,4700.0,25000.0,2018-12-02,31.360556,-101.735091,4921.0,Shallow,HARTGROVE 1W
82820,108017,22737680,3700.0,6000.0,20000.0,2013-08-27,32.40897866,-101.60605869,6108.0,Shallow,KNOTT SWD 1
82979,119225,31742496,10500.0,13000.0,10000.0,2019-09-23,32.12037585,-102.00629839,5057.0,Shallow,BALL PEIN 1D
83063,119874,31742329,11250.0,12430.0,40000.0,2019-11-25,32.33324981,-101.82183814,12822.0,Deep,TORMUND SWD 20SD
83172,105752,11533368,4000.0,12270.0,20000.0,2012-09-26,32.56878145,-102.02009061,12270.0,Deep,BROWN AND ECHOLS 2101
85310,116637,32942497,11700.0,15000.0,40000.0,2018-08-17,31.97005904,-102.04621193,13854.0,Deep,BULLDOG SWD 1
85580,112299,32939929,4450.0,5120.0,20000.0,2015-04-01,31.87069874,-102.11940472,5350.0,,"SCHARBAUER, C., JR. 37SW"
85635,113987,10932950,2700.0,4630.0,30000.0,2016-06-30,31.6710275,-104.26398497,5202.0,Shallow,H. M. PHILLIPS STATE 94 1D
86521,116911,10933356,13643.0,14638.0,70000.0,2018-10-07,31.884328,-104.229736,14638.0,Deep,COUNT FLEET 48 SWD 4
86766,117762,10933393,14730.0,15720.0,70000.0,2019-02-10,31.85912,-104.130366,15720.0,Deep,LEONATUS 11 SWD 2
87182,116173,38936536,5211.0,6460.0,15000.0,2018-03-28,31.173788,-103.352445,6730.0,Shallow,REEVES TXL FEE T8-50-5 2SW
88002,103258,11533417,4000.0,5300.0,30000.0,2011-06-08,32.5315639,-102.16874,5390.0,Shallow,115 SWD 1
88277,107452,31738378,4050.0,4600.0,20000.0,2013-05-07,32.30694997,-101.84402508,4655.0,Shallow,GASKINS 38W
89658,89207,31733089,4750.0,5200.0,1500.0,1999-09-29,32.14384048,-102.10069514,9510.0,Deep,GEORGE W. GLASS -24- 1D
90267,118260,22740241,2750.0,5000.0,20000.0,2019-04-23,32.371974,-101.506822,5150.0,Shallow,MCNEW 2D
90851,122673,46132064,0.0,11280.0,30000.0,2020-04-28,31.316506,-101.813228,11325.0,Deep,ARCO UNIVERSITY 1
85327,106990,31738767,3850.0,7000.0,20000.0,2013-02-27,32.26458041,-101.91088428,7084.0,Shallow,FM 829 SWD 1
85502,111903,22738635,3000.0,4600.0,20000.0,2015-01-27,32.3679035,-101.52814428,4962.0,Shallow,87 FAIRVIEW SWD 1
86674,117355,32933681,4490.0,6100.0,15000.0,2018-12-02,31.8646012,-102.1292158,11893.0,Deep,SCHARBAUER JR 10SW
86749,117513,31741454,12400.0,14163.0,40000.0,2018-12-31,32.36908062,-102.20028793,14163.0,Deep,UNIVERSITY 7-31B SWD D1
87642,110306,32939612,13250.0,14500.0,25000.0,2014-07-01,32.01138718,-102.21951802,14500.0,Deep,MIDLAND 817 SWD 1
87792,105543,32937867,4900.0,5100.0,20000.0,2012-08-20,31.99792501,-102.25124716,5220.0,Shallow,NOBLES 30
88385,104315,31737738,4400.0,5010.0,6000.0,2011-11-28,32.2787142,-102.0463604,5224.0,Shallow,GREATHOUSE -C- 4D
90568,101348,13537746,5000.0,5600.0,15000.0,2009-12-15,31.95544194,-102.33492691,5813.0,Shallow,RATLIFF A 3201
91811,124241,41535539,7160.0,7555.0,20000.0,2020-08-14,32.69313673,-100.66454385,7814.0,Deep,STRAWBERRY 87 1D
91963,124214,31743781,11500.0,14000.0,20000.0,2020-08-07,32.3064631,-102.0017678,13460.0,Deep,TOUCAN SWD 1R
92272,116531,31741667,11150.0,12335.0,40000.0,2018-07-25,32.46687642,-101.7826337,12659.0,Deep,RANCH WATER 24 SWD 1
93801,111552,22738400,3300.0,4150.0,5000.0,2014-12-17,32.33846771,-101.66524896,,,FREE 32 SWD 2
93833,122547,31742249,3850.0,5500.0,30000.0,2019-05-30,32.237187,-101.749471,5500.0,Shallow,WHITE SWD 1
93967,119160,31742189,13000.0,15000.0,20000.0,2019-09-13,32.1387953,-102.1817782,14145.0,Deep,DIRT DEVIL 1D
95305,84728,31731433,4350.0,12200.0,6500.0,1996-04-30,32.35882222,-101.97660666,12132.0,Deep,POE 1
15,12160,303566,7895.0,8100.0,1600.0,1991-02-12,32.140251,-103.049851,8118.0,Deep,DOLLARHIDE UNIT 435D
16,12165,304834,7628.0,7796.0,1000.0,1959-04-13,32.16917725,-103.03266601,8605.0,Deep,DOLLARHIDE UNIT 463D
5294,19968,31700114,3800.0,12154.0,6000.0,1970-05-14,32.24150227,-101.91191522,12154.0,Deep,SALE RANCH -D- 1D
5295,19972,31730311,3900.0,4747.0,6000.0,1971-02-22,32.31125603,-101.8951001,4790.0,Shallow,"FOREMAN, MAYME A SWD 1D"
36029,58305,38333015,3000.0,4000.0,20000.0,1985-01-21,31.42146674,-101.57940021,4000.0,Shallow,STILES SWD 1D
50969,74786,31732928,6509.0,6539.0,4000.0,1991-05-23,32.23327044,-101.82929874,11859.0,Deep,"SUPERIOR STRAIN -SWD-"" 1D"
61147,104394,22736855,3300.0,4150.0,5000.0,2011-12-12,32.34320378,-101.67119008,4211.0,Shallow,FREE 32 SWD 1
63356,58958,31700386,3600.0,4800.0,15000.0,1985-10-31,32.30013107,-101.85578869,11600.0,Deep,"MCCLAIN,G.B. 1D"
65262,103581,31736852,4600.0,5204.0,30000.0,2011-08-02,32.4404188,-101.97162551,5204.0,Shallow,COX 11 SWD 1
65476,104604,31733153,4000.0,5000.0,16000.0,2012-02-03,32.20338637,-101.97634335,9350.0,Deep,SALE RANCH -L- 5D
66180,115975,31741203,12380.0,13965.0,30000.0,2018-01-31,32.46735558,-102.14822333,13575.0,Deep,GOLDEN TORNADOES SWD 1
67651,64379,22732542,3962.0,4060.0,1000.0,1987-10-28,32.42643882,-101.64139597,9550.0,Deep,SPALDING. LILLIAN ETAL SWD 2D
70158,102703,13510848,4849.0,5060.0,3000.0,2011-04-11,31.97427987,-102.37131249,12900.0,Deep,"RATLIFF, S. W., -A- 13J"
70643,98915,38335592,3700.0,4700.0,20000.0,2008-05-30,31.346305,-101.762351,10956.0,Deep,SHEEPSHEAD 1
88614,102727,31735969,4700.0,5600.0,10000.0,2010-12-14,32.18365366,-102.15189384,5724.0,Shallow,MABEE 139 5
89720,99052,31735212,3900.0,5700.0,8000.0,2008-07-16,32.30340514,-101.86585746,5700.0,Shallow,LENORAH 2D
90790,81004,32933003,4825.0,5700.0,3000.0,1994-05-26,31.70915825,-101.95673447,5700.0,Shallow,MIDLAND 'AO' FEE 4D
91240,111535,22738287,3200.0,5450.0,15000.0,2014-12-16,32.43881474,-101.60762752,5505.0,Shallow,HUGHES 1D
92294,119159,31742186,4460.0,5620.0,24999.0,2019-09-13,32.119881,-102.168238,14124.0,Deep,KIRBY 1D
95619,117380,32938424,4600.0,5730.0,15000.0,2018-11-08,31.9131318,-102.1831261,11360.0,Deep,SOA SCHARBAUER SE 2109M
95620,117381,32901861,4715.0,5760.0,15000.0,2018-11-08,31.9203188,-102.1536697,11425.0,Deep,"SCHARBAUER, C. -D- 4"
96754,115006,32941744,4620.0,5850.0,20000.0,2017-03-16,31.8496442,-102.222285,5850.0,,1788 SWD 2
97940,12239,13506723,5000.0,5700.0,15000.0,1978-11-27,31.85258993,-102.29207234,13316.0,,"PARKS, ROY -B- TG 19D"
98560,113054,10932895,14315.0,15315.0,90000.0,2015-10-20,31.95845233,-104.12708284,15315.0,Deep,ASSAULT 14 FEE SWD 9
98658,118888,15133125,6920.0,7500.0,20000.0,2019-07-10,32.72846152,-100.59433273,7518.0,Deep,TUTT SWD 1
98844,115508,22739233,3200.0,4300.0,30000.0,2017-08-17,32.37364754,-101.68444207,4490.0,Shallow,DIAMONDBACK-COUNTY LINE SWD 1
99595,118962,41530262,3050.0,3770.0,20000.0,2019-07-26,32.669356,-100.689068,7945.0,Deep,GLASS 1WD
102319,113179,38935052,5200.0,6450.0,25000.0,2015-11-24,31.28058605,-103.33534873,6653.0,Shallow,REEVES TXL FEE T7-50-9 2SW
102789,108659,38933824,3100.0,4900.0,20000.0,2013-11-13,31.6109419,-103.96876929,5000.0,Shallow,BHS 56-8 1D
90869,119433,32931636,4200.0,5200.0,25000.0,2019-10-29,32.079208,-102.01602,5200.0,Shallow,SHENANDOAH BAR M SWD 2
91085,119945,38938499,15346.0,16503.0,90000.0,2019-12-10,31.854988,-104.013794,16503.0,Deep,SQUIGGY 58-T2-12 SWD 902
91814,112978,10932849,2670.0,4921.0,20000.0,2015-10-01,31.74764785,-104.22342868,4950.0,Shallow,DOUBLE C SWD 2
91839,113169,22738653,9350.0,11900.0,40000.0,2015-11-23,32.461466,-101.6429869,11904.0,Deep,GASKINS 43 1D
91987,124634,32944800,10800.0,13500.0,24500.0,2021-03-17,31.903765,-101.786134,12639.0,Deep,WTH 7 SWD 2
92014,84425,32933432,4600.0,5700.0,12500.0,1996-03-29,31.765326,-101.943658,5700.0,Shallow,MIDLAND 'AT' FEE 9
92330,116840,10933387,2750.0,3700.0,20000.0,2018-09-29,31.566552,-104.235181,3850.0,Shallow,WISE FEE SWD 26 1
93734,117703,15100309,2825.0,3400.0,15000.0,2019-01-26,32.7557629,-100.6217813,3490.0,Deep,CAMP SPRINGS 31 1WD
94025,105121,31737258,11745.0,12675.0,10000.0,2012-05-14,32.47818077,-102.09346936,12675.0,Deep,"BREEDLOVE, F. D., -B- 49"
94854,114451,10932982,14740.0,15763.0,90000.0,2016-10-24,31.78707537,-104.12914838,15763.0,Deep,MINE THAT BIRD 38 FEE SWD 9
95733,117758,32943129,13400.0,14500.0,30000.0,2019-02-10,31.99475959,-102.19518017,14280.0,Deep,DYSON 1D
95888,120848,3332533,7450.0,12500.0,20000.0,2020-02-05,32.5698331,-101.3610064,9850.0,Deep,MAD DOG SWD 1D
95933,109838,32939312,12310.0,15000.0,30000.0,2014-04-16,32.041412,-102.261877,14613.0,Deep,M.F. KING SWD 2
95972,118554,10933473,11790.0,13790.0,70000.0,2019-05-07,31.87397,-104.28162,13330.0,Deep,SIR BARTON 4 SWD 9
96910,115127,22738993,10340.0,12000.0,30000.0,2017-04-24,32.27939706,-101.5589035,11451.0,Deep,GUITAR 12 SWD 1D
102803,115449,31741662,11180.0,13200.0,25000.0,2017-08-02,32.320521,-101.82956,12704.0,Deep,3601 SWD 1
102856,115779,38936369,5000.0,6962.0,20000.0,2017-11-14,31.32324,-103.417771,7094.0,Shallow,KING FISHER SWD SE 2
103338,109709,22738051,3300.0,6000.0,30000.0,2014-03-26,32.44957081,-101.5534323,4545.0,Shallow,HERM SWD 1
103557,94415,38331272,3300.0,4110.0,1000.0,2004-08-12,31.39139922,-101.69084529,8025.0,Deep,"HAM B"""" 2D"
104057,122851,31745138,11500.0,14000.0,20000.0,2020-05-15,32.19197329,-101.90406482,6465.0,Shallow,SAGUARO SWD 1
104274,110124,31739416,4800.0,5550.0,20000.0,2014-05-30,32.28583419,-102.20329147,5626.0,Shallow,MABEE G SWD D1
104628,115844,22739417,10265.0,11113.0,50000.0,2017-12-13,32.3310983,-101.5367852,11280.0,Deep,NEWTON 10 SWD 1
104862,117352,22739690,10500.0,13000.0,25000.0,2018-12-02,32.345763,-101.674793,11400.0,Deep,FREE BURGER 2D
104875,117514,32942715,4475.0,6912.0,30000.0,2019-01-01,32.0572043,-102.12280761,14202.0,Deep,DIAMOND RIO 9 1D
104892,117648,31741758,4350.0,5450.0,25000.0,2019-01-21,32.2648891,-102.1022204,5430.0,Shallow,SCHARBAUER RANCH 4D
104995,118362,22735640,10100.0,10500.0,30000.0,2019-05-03,32.4361184,-101.4921689,10625.0,Deep,IDEN 1
105179,84950,31733985,3607.0,6700.0,10000.0,1996-07-18,32.42103398,-101.69822435,10750.0,Deep,ARROWHEAD 3 1
105427,115842,10933170,3100.0,5900.0,20000.0,2017-12-12,31.720471,-104.059582,5875.0,Shallow,SALT MINE SWD 1
106131,121022,15133139,7158.0,7556.0,20000.0,2020-02-11,32.70170415,-100.6229932,7715.0,Deep,MASON 85 1D
106548,116239,38936460,5170.0,7100.0,25000.0,2018-04-24,31.160204,-103.361023,6604.0,Shallow,REEVES TXL FEE T8-50-7 1SW
97780,109641,31739073,4650.0,6100.0,10000.0,2014-03-19,32.18019818,-102.18705271,6235.0,Shallow,MABEE 139 919WD
97803,109719,31739425,4150.0,4850.0,20000.0,2014-03-27,32.19596195,-101.97033673,4961.0,Shallow,SALE RANCH -L- 2D
97819,115022,47530673,6500.0,8280.0,30000.0,2017-03-20,31.4245144,-103.29132834,17860.0,Deep,ARCO STATE 1028D
97828,105122,32937866,4825.0,4995.0,20000.0,2012-05-14,32.03216619,-102.17229103,5058.0,Shallow,ROBBIE 24
98814,115299,38935112,4000.0,4800.0,25000.0,2017-06-05,31.56758378,-104.00925556,5300.0,Shallow,ALLMAN 25 SWD 1
98923,122870,31743701,11500.0,14000.0,40000.0,2020-05-18,32.17910509,-101.89952691,12993.0,Deep,PALO VERDE SWD 1
101106,113646,10932340,2700.0,5500.0,20000.0,2016-03-24,31.658908,-104.120206,7195.0,Shallow,RUSTLER HILLS STATE 111-14 SWD 1
101724,84813,22734940,3460.0,6500.0,6000.0,1996-04-29,32.27360985,-101.68896271,6444.0,Shallow,ALLAR 1D
102308,119416,31742449,10600.0,12120.0,50000.0,2019-10-21,32.45681481,-101.74343649,12279.0,Deep,TRITON SWD 1
102531,115480,22739038,10118.0,10470.0,30000.0,2017-08-11,32.20152147,-101.47483962,10470.0,Deep,FLETCH 1
102910,115597,22739198,8850.0,12500.0,20000.0,2017-09-11,32.41399,-101.567019,11595.0,Deep,SHROYER 2D
103546,105895,32931586,4940.0,6120.0,20000.0,2012-10-31,31.8884403,-102.14109423,13050.0,Deep,"SCHARBAUER 35B"""" 1"
104614,115807,32942752,13500.0,15000.0,30000.0,2017-11-28,31.97406308,-102.21666868,14677.0,Deep,RATTLER 1D
104730,116382,31741297,11000.0,14000.0,40000.0,2018-06-11,32.3740519,-101.9743567,13519.0,Deep,HECKER 2D
105384,115644,32941758,11100.0,13418.0,30000.0,2017-09-20,31.8593,-102.0629056,13418.0,,MORELAND 4 3W
96384,109473,22737927,3200.0,4800.0,35000.0,2014-02-21,32.39371561,-101.67541771,4800.0,Shallow,HUGHES SWD 1
96509,118124,10933604,14864.0,15877.0,45000.0,2019-04-11,31.998333,-104.061667,15871.0,Deep,BOWSER SWD 1
96532,118229,31742064,12500.0,14800.0,50000.0,2019-04-17,32.35923007,-102.12833301,14000.0,Deep,CAPRI SWD 1
96725,114289,31741196,10650.0,13500.0,40000.0,2016-09-19,32.4589536,-101.6938415,12515.0,Deep,ATLANTIC SWD 1
96809,118483,22740024,7900.0,10600.0,45000.0,2019-05-22,32.4827334,-101.445976,10670.0,Deep,OUTLAW 1SW
96950,115301,22739144,10300.0,12000.0,25000.0,2017-06-05,32.363297,-101.521583,11420.0,Deep,87 FAIRVIEW SWD 2
97002,105387,31737549,4350.0,5500.0,15000.0,2012-07-05,32.30663207,-101.9490109,5510.0,Shallow,WILDCAT SWD 1
98365,114993,10933071,2500.0,5000.0,30000.0,2017-03-13,31.57716872,-104.12614302,5015.0,Shallow,MULE DEER SWD 1
98506,118242,31741471,3850.0,5100.0,20000.0,2018-09-12,32.4984821,-101.8885371,5050.0,Shallow,FLOWER GROVE SWD 1
98672,109530,31738856,4650.0,5400.0,10000.0,2014-03-03,32.1227628,-102.14792791,5400.0,Shallow,SOUTH CURTIS RANCH 2130WD
99426,107461,31738454,4550.0,5400.0,18000.0,2013-05-10,32.265825,-102.13140179,5477.0,Shallow,SCHARBAUER RANCH 3D
99951,104206,13541347,4800.0,15000.0,30000.0,2011-11-02,32.04968729,-102.33454794,14568.0,Deep,"FEE BL"" SWD"" 1"
100267,108857,22737531,3650.0,4095.0,10000.0,2013-12-05,32.2985386,-101.62835123,4510.0,Shallow,CLAPTON 1WD
100553,109676,31739503,4150.0,4900.0,20000.0,2014-03-21,32.22157671,-101.93833361,4980.0,Shallow,"SALE, J. C. 1D"
100880,99117,31732701,4010.0,4780.0,6000.0,2008-08-04,32.318471,-101.77203,8630.0,Deep,THEODORE WELLS SWD 1
106549,116313,31741240,12005.0,13277.0,50000.0,2018-05-21,32.3574908,-101.9817299,13277.0,Deep,POE SWD D2
106649,116096,47538334,6500.0,8200.0,30000.0,2018-03-06,31.44260098,-103.27487752,8304.0,Shallow,ARCO 33-28 21D
106699,116122,22739437,10477.0,11289.0,50000.0,2018-03-09,32.31884,-101.58584,11520.0,Deep,HYDRA SWD 1
107098,119003,31742100,12250.0,14500.0,30000.0,2019-08-07,32.477547,-102.156861,13884.0,Deep,HERDING CATS 1D
108169,107804,47536733,5530.0,7100.0,20000.0,2013-06-18,31.49836815,-103.3829554,7200.0,Shallow,SILVER SPIKE SWD 1R
109155,111185,31739364,12800.0,15500.0,20000.0,2014-11-04,32.2498,-102.1748,14455.0,Deep,MABEE 239 1SW
109172,109737,31739079,2950.0,4800.0,20000.0,2014-04-01,32.3671905,-101.72487581,5565.0,Shallow,TENNISON 46 SWD 1WD
109458,109714,31739426,4300.0,5200.0,20000.0,2014-03-26,32.23974536,-102.12598363,5275.0,Shallow,"DOVE Z"""" 1D"
110728,119129,31700000,12000.0,12400.0,30000.0,2019-09-06,32.11596543,-101.87087952,,,STANTON W. SWD 1
111295,117123,22740013,10250.0,13000.0,50000.0,2018-10-24,32.26872204,-101.66600439,11667.0,Deep,AXIS SWD 1
111628,101391,31735966,3300.0,5000.0,20000.0,2010-01-20,32.36803934,-101.69963078,5068.0,Shallow,TCM 2D
112131,116511,41500013,7210.0,7500.0,20000.0,2018-07-20,32.7485628,-100.6673235,7480.0,Deep,B.L. GARRISON 1
112132,116512,10933296,14793.0,17000.0,90000.0,2018-07-20,31.902505,-104.080942,16015.0,Deep,HAY MARTIN 41 SWD 1
114204,111440,38934514,3000.0,4525.0,20000.0,2014-12-01,31.65118726,-103.99620014,5020.0,Shallow,TPLT 57-43 1D
115623,115943,31741393,10600.0,12000.0,40000.0,2018-01-22,32.42519868,-101.731638,12067.0,Deep,BLAGRAVE SWD 5 1
100996,120328,31742978,3575.0,5275.0,25000.0,2020-01-10,32.4090459,-101.7409109,5199.0,Shallow,GORGON 2
102309,119444,22740294,10400.0,11740.0,25000.0,2019-11-01,32.15274,-101.670908,11710.0,Deep,FAUDREE 1D
102825,108804,31739136,4650.0,5265.0,25000.0,2013-12-02,32.2002603,-102.0998996,5242.0,Shallow,LOTTIE 2D
103109,115451,22739105,10250.0,11500.0,25000.0,2017-08-02,32.31405217,-101.60506056,11795.0,Deep,OVATION GUITAR SWD 2
103268,115616,22739299,8150.0,11500.0,30000.0,2017-09-13,32.48434778,-101.53821474,11204.0,Deep,GRACELAND SWD 1
104013,116999,38936584,4825.0,7050.0,10000.0,2018-10-14,31.24172162,-103.56405908,7065.0,Shallow,RIFLEMAN 1D
104288,115338,31740775,11618.0,13021.0,50000.0,2017-06-21,32.3796806,-101.935175,13021.0,Deep,HECKER SWD RT D2
104731,116387,10933348,2345.0,4535.0,20000.0,2018-06-13,31.7804651,-104.3285541,4600.0,Shallow,MISS STEIN 37 1V
104765,116559,31741389,12500.0,13884.0,24000.0,2018-07-31,32.1402796,-102.158452,13929.0,Deep,JOHNSON RANCH 16SW
104797,116771,31741307,3560.0,4700.0,30000.0,2018-09-18,32.252603,-101.7898156,4650.0,Shallow,WADDELL 18 2D
104808,116842,31741474,10250.0,12587.0,30000.0,2018-10-02,32.367913,-101.724712,12085.0,Deep,TENNISON 46 2D
105340,112545,31740243,3800.0,4800.0,25000.0,2015-06-25,32.26889325,-101.84474734,4800.0,Shallow,FREDA'S SWD 1
105590,113606,10932341,2907.0,5200.0,30000.0,2016-03-14,31.67346779,-104.18372965,5522.0,Shallow,RUSTLER HILLS STATE 111-8 SWD 1
106585,116597,32934484,11550.0,11966.0,10000.0,2018-08-08,31.739853,-102.212014,11967.0,Deep,"SANDERS, JUNE T. 6H"
106635,91210,31732854,4150.0,4660.0,30000.0,2001-08-01,32.1738928,-101.9259943,9200.0,Deep,YATER SWD 2W
106350,114255,32941191,12250.0,14900.0,24000.0,2016-09-06,31.944645,-102.251751,14900.0,Deep,DJK 48 SWD 1
106379,101792,31731523,4100.0,5545.0,25000.0,2010-05-27,32.37820084,-101.96785452,11903.0,Deep,HECKER SWD 2451SW
106704,96680,32931079,4580.0,5600.0,15000.0,2006-08-03,31.82993183,-102.01522319,11500.0,Deep,"MIDLAND AF"" FEE"" 1"
106768,106396,13542043,4900.0,5600.0,20000.0,2013-01-16,31.95431798,-102.32014526,5700.0,Shallow,PARKS BELL SWD 4101
107361,119232,41534743,3300.0,4000.0,15000.0,2019-09-23,32.74818412,-100.72193978,6905.0,Deep,TAYLOR 1WD
107488,105146,30131671,4950.0,6055.0,20000.0,2012-05-14,31.8116345,-103.5592209,6555.0,Shallow,DIMMIT 28 1D
107906,117157,10933316,11916.0,13100.0,90000.0,2018-10-30,31.915107,-104.3027754,13029.0,Deep,DR A BRIGHTON 31 SWD 1
108342,116093,10933166,14500.0,16500.0,100000.0,2018-03-05,31.94728703,-104.10434233,15735.0,Deep,HAY BRANDON 19 SWD 1
108426,104336,31737247,4500.0,5050.0,12000.0,2011-11-29,32.160267,-102.150941,5142.0,Shallow,JOHNSON RANCH 1000SW
108501,109201,32939064,8500.0,13600.0,30000.0,2014-01-27,31.95821611,-102.16961306,13525.0,Deep,SPANISH TRAIL 200SW
108819,105043,31737198,3000.0,4475.0,20000.0,2012-04-19,32.3877179,-101.7025867,4475.0,Shallow,KNOTT 1
109044,109649,32938643,4650.0,6000.0,10000.0,2014-03-19,32.07718826,-102.11120132,6115.0,Shallow,SOUTH CURTIS RANCH 1026WD
109283,116169,22739442,8450.0,11436.0,20000.0,2018-03-28,32.485752,-101.582871,11436.0,Deep,MIDDLETON 2 2D
109317,116209,22739276,10100.0,11500.0,30000.0,2018-04-16,32.2995556,-101.4938889,11079.0,Deep,BADGER SWD 1
109571,107930,32931214,5850.0,14500.0,30000.0,2013-07-24,32.01604783,-102.21448337,13365.0,Deep,"FEE AA"""" 1"
115892,117930,32332791,4835.0,5120.0,20000.0,2019-03-11,28.468239,-100.290118,5906.0,,GARY B 3H
116426,124532,31743097,10550.0,12300.0,80000.0,2021-01-08,32.42745011,-101.70707231,,,CANEBRAKE 1D
116476,113737,22738743,10150.0,13000.0,30000.0,2016-04-22,32.23989449,-101.60940222,10999.0,Deep,RUSSELL SWD 1S
116526,116343,31741348,11410.0,13153.0,30000.0,2018-05-30,32.19086183,-101.94656951,12976.0,Deep,SALE RANCH 27 1DD
117360,108115,10932532,13900.0,15000.0,50000.0,2013-09-17,31.95741941,-104.16849445,15150.0,Deep,MIDDLEGROUND 16 FEE  SWD 3
117363,108124,32938683,4800.0,5900.0,20000.0,2013-09-18,31.92020695,-102.23685898,6130.0,Shallow,HOOPER SWD 1
117577,117855,22739875,10600.0,12000.0,30000.0,2019-03-04,32.44106046,-101.67486385,11675.0,Deep,DIAMONDBACK-SMITH 2D
118231,118684,38938320,2700.0,5000.0,18000.0,2019-06-13,31.711882,-104.022947,5150.0,Shallow,HOBIE 21903 SWD 1
118580,120014,31745072,12800.0,15000.0,24950.0,2019-12-18,32.4016792,-101.9532035,5840.0,Shallow,GUS MCCREA SWD 2
118816,122137,41535518,7130.0,7520.0,20000.0,2020-04-03,32.71440898,-100.6906361,7676.0,Deep,STEAKHOUSE 1WD
119332,116373,22739550,10450.0,11580.0,40000.0,2018-06-07,32.4445805,-101.6447666,11773.0,Deep,ROBINSON 6 1D
119333,116374,10933480,2025.0,4175.0,20000.0,2018-06-07,31.78074876,-104.36577421,4155.0,Shallow,LILI VON SHTUPP 39 2V
119700,103236,10932395,13900.0,15150.0,50000.0,2011-06-03,31.90386751,-104.19442427,14852.0,Deep,SPEND A BUCK 41 FEE 1
119867,117120,31741566,4500.0,5150.0,10500.0,2018-10-24,32.2393812,-102.0839672,5449.0,Shallow,SCHARBAUER SWD 1
120184,114496,32941199,13490.0,15000.0,30000.0,2016-11-08,31.97349817,-102.19612409,14506.0,Deep,HMW 2
106912,112743,10932853,14550.0,16700.0,50000.0,2015-08-14,31.97327644,-104.09672587,15841.0,Deep,HH SE 7 SWD 1
108123,111050,346648,12000.0,15000.0,30000.0,2014-10-20,32.26008335,-102.25290007,14361.0,Deep,MABEE 240F 35SW
108132,116495,10933253,2900.0,6200.0,40000.0,2018-07-17,31.5839127,-104.0686609,6300.0,Shallow,PENNER SWD 1
108189,113736,38935194,3100.0,6450.0,30000.0,2016-04-22,31.6211306,-104.01841814,6032.0,Shallow,BROKEN SPOKE SWD 1
108257,106803,31737999,3950.0,5290.0,25000.0,2013-02-01,32.309397,-101.915417,6100.0,Shallow,MCDREAUX 2 1
109175,109778,47536617,6500.0,8800.0,30000.0,2014-04-09,31.4390476,-103.2793,7261.0,Shallow,ARCO 33-28 20D
110247,115339,31740776,12700.0,14200.0,40000.0,2017-06-21,32.3930105,-102.1732963,14142.0,Deep,UNIVERSITY 7-27 SWD D2
110311,110589,10932704,12425.0,14500.0,25000.0,2014-07-29,31.94212818,-104.28739833,12999.0,Deep,DR STATE EAST 20SW
110420,108807,31739040,11900.0,14900.0,30000.0,2013-12-02,32.1981541,-102.1925617,13817.0,Deep,MABEE SOUTH SWD 2
110429,104215,38933158,4500.0,7500.0,25000.0,2011-11-03,31.368177,-103.53122485,7500.0,Shallow,PECOS SWD 1
110938,102939,330205,4588.0,5300.0,4000.0,2010-12-14,32.203887,-102.229283,12960.0,Deep,MABEE UNIT 279W
111999,114152,22739387,7825.0,13000.0,35000.0,2016-07-27,32.4586282,-101.4255416,11000.0,Deep,846 SWD 1
112074,116428,347807,12530.0,14180.0,30000.0,2018-06-28,32.4389595,-102.243603,14400.0,Deep,QUEEN BEE SWD 1
112099,116449,10933281,2590.0,4900.0,20000.0,2018-07-09,31.7332926,-104.2516104,5035.0,Shallow,DOUBLE C SWD 3
112328,115114,31740809,11600.0,13500.0,20000.0,2017-04-19,32.3356715,-101.89145114,13288.0,Deep,BROWN SWD 1
109771,114862,32930805,4576.0,5809.0,20000.0,2017-02-01,31.85495382,-101.9935537,13402.0,,MIDLAND -AB- FEE 1
109794,114946,10933026,15000.0,16500.0,50000.0,2017-02-23,31.86462427,-104.07646564,16148.0,,HAY ZOELLE 9 SWD 1
110030,111641,10932782,13810.0,14800.0,50000.0,2014-12-30,31.81591015,-104.1945797,14800.0,Deep,ELWOOD 29 FEE SWD 1
110921,104287,10932442,2750.0,3102.0,10000.0,2011-11-21,31.70535262,-104.27430915,3275.0,Shallow,SAN SABA SWD STATE 1
111025,97873,31733575,4500.0,6854.0,10000.0,2007-08-10,32.36762062,-101.83636641,12000.0,Deep,BROWN SWD 1
111139,107109,32938718,4400.0,5400.0,27500.0,2013-03-18,31.91991803,-102.20130592,5506.0,Shallow,MIDLAND SW 1
111339,117554,38938009,5300.0,7800.0,20000.0,2019-01-03,31.399573,-103.619335,8000.0,Shallow,BEAVER SWD 1
112100,116450,10933282,2580.0,4900.0,20000.0,2018-07-09,31.7464918,-104.2404028,5035.0,Shallow,DOUBLE C SWD 4
112109,116353,38936799,14750.0,17600.0,80000.0,2018-06-01,31.988622,-104.020124,17600.0,Deep,HWY 285 SWD 3
112395,115277,31740804,10200.0,14000.0,40000.0,2017-06-01,32.35661539,-101.76173554,12650.0,Deep,WILBANKS 16 6D
112861,110946,31740035,4725.0,6830.0,30000.0,2014-10-02,32.29423282,-101.82830414,6830.0,Shallow,ROBERTSON ROJO SWD 1
112988,112375,31736826,4200.0,5600.0,20000.0,2015-04-21,32.36191259,-102.01322624,11270.0,Deep,JONES-HOLTON SWD 25D
113088,115809,3332432,8000.0,12500.0,25000.0,2017-11-28,32.54079203,-101.54362732,11191.0,Deep,DRAGON 1D
113097,106088,38932764,4098.0,7041.0,20000.0,2012-11-30,31.76512943,-103.95799647,7040.0,Shallow,FORTUNE 57-3 1
113163,111717,31740045,5350.0,6750.0,25000.0,2015-01-12,32.21092435,-102.14773813,6800.0,Shallow,MARTIN SWD 2
71127,113312,31740335,12000.0,14500.0,30000.0,2016-01-04,32.12796904,-102.01828871,13580.0,Deep,"NAIL RANCH 36"""" 1D"
71910,84727,31732856,4400.0,12200.0,9000.0,1996-04-30,32.3639066,-101.9689763,12148.0,Deep,"PAT, K. 3"
73031,99895,31735147,11242.0,12617.0,10000.0,2009-01-14,32.47193901,-102.11037528,12617.0,Deep,"BREEDLOVE, F. D., -B- 47"
73150,99208,31732702,4275.0,12700.0,30000.0,2008-06-02,32.34525529,-102.00347405,12157.0,Deep,JONES 130 1D
73230,117180,31741386,12000.0,13369.0,25000.0,2018-11-09,32.1472589,-102.0207306,13369.0,Deep,WATERBURGER 1D
74117,111282,22738313,10050.0,11300.0,30000.0,2014-11-14,32.22062257,-101.54656671,11400.0,Deep,CROSS ELL SWD 1
76039,114457,38935362,4015.0,5193.0,25000.0,2016-10-26,31.632051,-103.94375637,5314.0,Shallow,HUGHES B 01SW
77110,70434,22732473,3723.0,4600.0,10000.0,1989-07-28,32.43622459,-101.68572032,11000.0,Deep,"JOHNSON, DC DISPOSAL 202"
77493,112402,32940594,12480.0,14500.0,30000.0,2015-05-04,32.03981507,-102.25008133,14500.0,Deep,CASSELMAN8 1D
77542,112641,47537525,6510.0,7100.0,20000.0,2015-07-24,31.49489689,-103.3910146,7175.0,Shallow,EAST OF THE PECOS 1SW
77543,112642,31740201,11000.0,14000.0,40000.0,2015-07-24,32.36428823,-102.01390267,14014.0,Deep,JONES-HOLTON D 4D
77593,122659,46134345,11246.0,11853.0,60000.0,2020-04-24,31.25288346,-101.80809579,11645.0,Deep,"UNIVERSITY 21"""" 1"
78330,114753,22738933,3180.0,4900.0,30000.0,2016-12-22,32.44029167,-101.679,4926.0,Shallow,DIAMONDBACK-SMITH SWD 1
78646,115691,22739461,10000.0,11500.0,25000.0,2017-10-12,32.37499984,-101.57653636,11460.0,Deep,BEALL SWD 1
78814,116014,31741024,13200.0,14318.0,30000.0,2018-02-08,32.279007,-102.174397,14619.0,Deep,MABEE 5 SWD 1
113640,112565,31740194,4200.0,6000.0,30000.0,2015-06-30,32.3455247,-102.01419252,6115.0,Shallow,JONES-HOLTON SWD 3D
114115,111251,335552,4650.0,8500.0,20000.0,2014-11-12,32.133533,-102.261864,11904.0,Deep,"FEE BM"""" 2SW"
115133,114801,22739119,9730.0,10800.0,35000.0,2017-01-12,32.3098841,-101.4182891,11014.0,Deep,N. MIDWAY SWD 1
115135,114807,22739098,7879.0,13000.0,35000.0,2017-01-17,32.4633568,-101.4104497,10811.0,Deep,846 SWD 2
115592,121032,31742527,10573.0,11553.0,80000.0,2020-02-12,32.295713,-101.734142,11532.0,Deep,JAKE THE SNAKE SWD 1
115978,117210,31742072,3800.0,4240.0,30000.0,2018-11-09,32.21459739,-101.76845381,4240.0,Shallow,QUAIL SWD 2
116353,116271,22739488,10300.0,13000.0,20000.0,2018-05-04,32.209659,-101.617028,11397.0,Deep,WHISTLING DUCK 1D
117475,119465,10933588,11520.0,12800.0,100000.0,2019-11-01,31.8650448,-104.3712496,12844.0,,TR UE BLUE SWD 1
117584,117949,31742432,11350.0,12200.0,30000.0,2019-03-12,32.166635,-101.725256,11786.0,Deep,SALT LAKE SWD 1
117877,124519,3332542,9850.0,11500.0,20000.0,2020-12-21,32.60790341,-101.5843336,10836.0,Deep,BRAHMA SWD 1
118325,118230,31742062,12200.0,14800.0,50000.0,2019-04-17,32.40535693,-102.10338352,13818.0,Deep,CORSICA SWD 1
119122,118822,41510070,3180.0,3660.0,20000.0,2019-07-07,32.7504585,-100.6779499,3678.0,Deep,YELLOWSTONE 1WD
119322,116360,32942355,11100.0,13050.0,40000.0,2018-06-04,32.0456241,-101.8871822,13305.0,Deep,"EPLEY, L.B. 18D"
119370,116454,38340163,3000.0,6300.0,30000.0,2018-07-10,31.4017759,-101.7312756,4921.0,Shallow,ESPINOZA 10 1SW
119388,116514,47537674,6500.0,8200.0,30000.0,2018-07-20,31.435014,-103.307794,8400.0,Shallow,SECTION 57 20D
79484,114239,38935294,3250.0,4575.0,30000.0,2016-08-29,31.6569366,-104.01488,4661.0,Shallow,LIBERATOR STATE SWD 1
81354,116497,22739854,9900.0,11015.0,50000.0,2018-07-17,32.359472,-101.496754,11015.0,Deep,SNEED 5 1
82975,118748,41501259,3500.0,4200.0,25000.0,2019-06-26,32.67419116,-100.76084025,4400.0,Deep,SEARS 1WD
82991,119288,38938775,3300.0,6161.0,30000.0,2019-10-05,31.81557882,-104.030665,6296.0,Shallow,NIGHTHAWK STATE SWD 1
83126,116298,31741387,11000.0,14500.0,50000.0,2018-05-14,32.431667,-101.831667,12507.0,Deep,HOLCOMB 68 SWD 1
83593,111824,32939900,4300.0,5600.0,20000.0,2015-01-26,31.74908738,-101.95723263,5877.0,Shallow,MIDLAND 'AV' FEE 1SW
83611,106400,13542040,4900.0,5600.0,20000.0,2013-01-16,31.96570677,-102.30686359,5700.0,Shallow,SWD PARKS BELL 3301
83810,123436,10933500,3100.0,6050.0,10000.0,2020-07-01,31.6683764,-104.0734169,6149.0,Shallow,BIGHORN SWD 1
84297,81995,22710846,9829.0,10500.0,5000.0,1995-01-13,32.3982628,-101.46830992,9939.0,Deep,"RYAN, J. B. 4"
85031,112298,32939928,4400.0,5000.0,20000.0,2015-04-01,31.89107262,-102.09262833,5208.0,Shallow,"SCHARBAUER, C. 41SW"
85263,116549,10933303,11000.0,13100.0,90000.0,2018-07-30,31.9579255,-104.3226513,12490.0,Deep,DR B SNOWBIRD 13 SWD 1
85465,110054,31739351,4800.0,5500.0,20000.0,2014-05-19,32.34420576,-102.1853026,5600.0,Shallow,MABEE J SWD D1
86552,113130,31740301,11100.0,14500.0,50000.0,2015-11-13,32.0917392,-101.9407628,13327.0,Deep,DICKENSON 20 8D
86836,115416,31742648,12066.0,13180.0,25000.0,2017-07-19,32.36255398,-101.9481329,13174.0,Deep,LONE RANGER SWD 1
87824,99242,31730388,3800.0,5689.0,10000.0,2008-09-12,32.31947737,-101.85940234,8932.0,Deep,DEWEY 1
113103,115872,31740873,3700.0,5400.0,25000.0,2017-12-20,32.3560922,-101.7851159,5400.0,Shallow,SULPHUR DRAW SWD 1
113612,112993,38934925,3200.0,4400.0,25000.0,2015-10-06,31.58041666,-104.05151949,5315.0,Shallow,STATE GATEWAY 21 SWD 1
113623,115427,22739585,9700.0,11250.0,35000.0,2017-07-25,32.29588898,-101.46918199,10925.0,Deep,SCREAMIN' EAGLE SWD 1
113655,115641,32941757,4550.0,6000.0,15000.0,2017-09-19,31.85642127,-102.06015868,5529.0,,MORELAND 4 2W
113680,115771,22739281,10000.0,12200.0,30000.0,2017-11-14,32.23298993,-101.68407974,12100.0,Deep,HUGHES 1D
116229,115952,22739572,10400.0,12000.0,40000.0,2018-01-23,32.404237,-101.631437,11953.0,Deep,BLAGRAVE SWD 19 1
116454,116469,32942144,12055.0,14000.0,30000.0,2018-07-12,31.996664,-102.027305,13665.0,Deep,RANCHLAND 5 2D
116547,116573,41535446,3000.0,3800.0,25000.0,2018-08-01,32.72965522,-100.70352139,3800.0,Deep,HENDERSON 2
116774,122913,31743017,10642.0,11860.0,50000.0,2020-05-19,32.304956,-101.703859,11967.0,Deep,BEAVER SWD 1D
117367,123924,31743455,10500.0,12000.0,24500.0,2020-07-29,32.35074165,-101.71429617,11776.0,Deep,HUGHES 44 SWD 1
117456,119372,47538536,7105.0,8305.0,20000.0,2019-10-16,31.431788,-103.292128,8420.0,Shallow,ARCO STATE 29D
118208,118215,31743930,3450.0,5200.0,20000.0,2019-04-19,32.3448406,-101.8803573,5200.0,Shallow,RUBY SWD 2
119221,112479,32940316,13400.0,14500.0,20000.0,2015-06-01,31.959118,-102.198487,14496.0,Deep,HMW 1
119314,103009,342169,4800.0,15000.0,30000.0,2011-02-10,32.1364463,-102.26834926,14200.0,Deep,"FEE BM"""" 1"
120139,117944,348054,12700.0,15500.0,60000.0,2019-03-08,32.253424,-102.261496,14511.0,Deep,MABEE 12 SWD 1
119981,119482,10933517,3200.0,6150.0,30000.0,2019-11-05,31.62678541,-104.06364573,6230.0,Shallow,RINGTAIL SWD 1
119999,103766,31736883,4700.0,5600.0,10000.0,2011-09-08,32.14028697,-102.12691642,5721.0,Shallow,SOUTH CURTIS RANCH 1416D
120013,114509,10932828,3300.0,5760.0,30000.0,2016-11-09,31.71469523,-104.08693476,9377.0,Deep,HSS STATE 45-18X7 1H
120058,117700,22739671,10500.0,11500.0,80000.0,2019-01-26,32.3629884,-101.6146309,11310.0,Deep,ANDRE THE GIANT SWD 1
120138,117943,31741765,11129.0,12480.0,25000.0,2019-03-12,32.2646278,-101.7916109,12806.0,Deep,DAGGER LAKE SWD 08SD
120265,124638,15133086,6739.0,7180.0,20000.0,2021-04-09,32.79955875,-100.57811258,7180.0,Deep,DON GRUBEN 58 SWD 1
120815,122084,22740609,10440.0,11955.0,38880.0,2020-03-31,32.36737127,-101.63618125,11783.0,Deep,COTTONMOUTH 1D
121394,118961,31742165,12000.0,14500.0,30000.0,2019-07-26,32.48620351,-102.18803773,14084.0,Deep,BIG GULP 1D
121401,115201,22739085,10900.0,13000.0,30000.0,2017-05-16,32.5111514,-101.6479508,12000.0,Deep,MASSINGILL 20 SWD 1D
122021,110975,31739973,4670.0,6660.0,25000.0,2014-10-09,32.22163884,-102.10902781,6660.0,Shallow,ROADRUNNER 349 1
122603,124500,22700000,9570.0,10930.0,30000.0,2020-12-08,32.4409191,-101.3922651,,,IDEN 24 SWD 1
123484,105208,13538803,4850.0,6000.0,15000.0,2012-05-29,31.97111136,-102.41512785,10100.0,Deep,CUDA DISPOSAL 1
123643,124838,31744997,3950.0,7000.0,10000.0,2021-08-23,32.316419,-101.868004,5500.0,Shallow,BISON 2 SWD 1
123675,124949,22741186,10240.0,11350.0,10000.0,2021-11-04,32.24994274,-101.60810965,4050.0,Shallow,AVAMPATO 1D
123818,124850,38939632,3050.0,6400.0,20000.0,2021-09-01,31.73654,-103.944768,6350.0,Shallow,CAUSEWAY SWD 1
88373,104207,13540754,4900.0,5600.0,15000.0,2011-11-02,31.98987217,-102.35433155,11410.0,Deep,RATLIFF A 1903
88909,119930,10933528,11431.0,12280.0,50000.0,2019-12-16,31.931661,-104.366527,12280.0,Deep,DR SWD 27 1
89929,67994,22733914,9350.0,9650.0,15000.0,1986-12-12,32.47724414,-101.64922067,11162.0,Deep,"GILBERT, G. WRIGHT. JR. ESTATE 1"
90812,110574,32935526,4438.0,5140.0,20000.0,2014-07-25,31.8222229,-102.0244311,5140.0,Shallow,"MIDLAND AF"" FEE"" 6"
91701,122794,22740639,3100.0,4600.0,40000.0,2020-05-08,32.36741027,-101.63598367,,,COTTONMOUTH 2D
93987,99215,333438,10350.0,13198.0,20000.0,2008-05-12,32.26950722,-102.23376051,13650.0,Deep,MABEE 240 1SW
95074,102302,32936621,4400.0,6500.0,10000.0,2010-11-23,31.911961,-102.1928423,6112.0,Shallow,WEST MIDLAND SWD 1
95577,119435,31742746,10500.0,13000.0,30000.0,2019-11-01,32.38391,-101.796079,12092.0,Deep,POSEIDON SWD 1
96531,118219,10933417,11708.0,14000.0,100000.0,2019-04-18,31.929413,-104.329984,12498.0,Deep,DR B STRANGELOVE 25 SWD 1
97765,106158,31731616,4100.0,5050.0,12000.0,2012-12-20,32.15625234,-102.00472202,11800.0,Deep,"NAIL, J.H., SEC. 26 1"
98350,114955,10933058,2600.0,6000.0,30000.0,2017-02-24,31.633273,-104.0583867,5000.0,Shallow,PENNYBACKER SWD 1
98819,118894,31744134,3300.0,4600.0,30000.0,2019-07-15,32.518321,-101.722368,4600.0,Shallow,ACKERLY '15' 1WD
101175,119441,15100153,6950.0,7200.0,20000.0,2019-11-01,32.816698,-100.591851,7394.0,Deep,CEDAR BREAKS WD 1WD
104585,123569,38340890,3100.0,4250.0,30000.0,2020-07-13,31.443338,-101.578041,4404.0,Shallow,"GUNTER SWD B"""" 20D"
120416,119908,31742755,10500.0,13000.0,30000.0,2019-12-10,32.4038408,-101.7392364,11805.0,Deep,GORGON 1
121868,110036,31738537,4400.0,5200.0,10000.0,2014-05-14,32.16667988,-102.10345013,11770.0,Deep,"GLASS, G.W. B"""" 19"
122874,101019,31735666,3650.0,4600.0,1200.0,2009-08-17,32.26725545,-101.70490088,4820.0,Shallow,"KEATON D"""" 9"
123147,102741,342160,11200.0,13280.0,20000.0,2011-04-14,32.25721649,-102.26528128,13210.0,Deep,MABEE 240 4001
123810,124792,10933663,2650.0,5900.0,20000.0,2021-07-22,31.75354988,-104.13783344,5889.0,Shallow,I TAKE IT ALL C SWD 2
123849,124791,10933662,2650.0,5900.0,20000.0,2021-07-22,31.75367483,-104.14958099,5784.0,Shallow,I TAKE IT ALL C SWD 1
123885,124970,22741307,9248.0,10000.0,20000.0,2021-11-19,32.374405,-101.338078,10188.0,Deep,BUCHANAN 3111 1XD
124035,119421,38939739,,,20000.0,2019-10-28,31.674272,-104.038487,5709.0,Shallow,CENTRAL 27 1D
124326,125401,31745124,,,30000.0,2022-08-03,32.243168,-102.0448388,6490.0,Shallow,PIRANHA SWD 2D
124458,125533,10932658,,,20000.0,2022-10-10,31.93942784,-104.27674646,7050.0,Shallow,DR STATE WISE UNIT 1 SWD 2803H
124692,125767,22741843,,,30000.0,2023-02-21,32.509074,-101.438621,10591.0,Deep,OUTLAW N 2SW
124737,125925,11533912,4410.0,6900.0,40000.0,2023-05-26,32.5322625,-101.9441891,6400.0,Shallow,BOKAR 34 SWD 2 2
125480,0,39900001,5000.0,10000.0,,,32.0,-100.0,,,Example 1
123843,124944,15133207,2800.0,3700.0,20000.0,2021-11-03,32.768065,-100.615934,3540.0,Deep,HOGO 1WD
123848,124790,10933534,3100.0,6050.0,30000.0,2021-07-16,31.60626695,-104.07318228,6148.0,Shallow,ARMADILLO SWD 1
124000,124996,31743811,3920.0,4920.0,20000.0,2021-12-07,32.22080732,-101.86316823,4920.0,Shallow,CORIANDER 21 1D
124032,125102,32945395,4860.0,6230.0,20000.0,2022-02-10,31.974099,-102.2167833,6229.0,Shallow,RATTLER 2D
124082,125157,15133233,,,20000.0,2022-03-16,32.801977,-100.581092,3300.0,Deep,LONESOME DOVE WD 1
124118,125193,348219,,,20000.0,2022-04-13,32.128181,-102.304063,14432.0,Deep,FEE 'BP' SWD 1
124175,125250,10933821,,,23000.0,2022-05-17,31.92253591,-104.27486652,3639.0,Shallow,DR BLK60 T1S S33 DMG SWD 1
124336,125411,31744345,,,10000.0,2022-08-09,32.161433,-102.026098,5125.0,Shallow,WRENCH 1D
124352,125427,31744894,,,20000.0,2022-08-15,32.2884857,-101.8705638,5805.0,Shallow,CORFU SWD 2
124370,125445,31743910,,,20000.0,2022-08-23,32.4166003,-101.7703001,5315.0,Shallow,BRUMLEY 62 SWD 2D
124416,125491,3332602,,,30000.0,2022-09-16,32.646897,-101.435439,9878.0,Deep,DARKHORSE SWD 1
124418,125493,10933860,,,30000.0,2022-09-20,31.90383216,-104.08360505,4660.0,Shallow,HAY MARTIN DMG SWD 6
124452,125527,32933897,,,20000.0,2022-10-07,31.735781,-101.942626,10400.0,Deep,MIDLAND 'AR' FEE 11
124734,125869,13543966,5645.0,6730.0,20000.0,2023-05-02,32.005481,-102.430979,7000.0,Shallow,RATLIFF RED SWD 1
104686,116121,22739441,10665.0,12500.0,35000.0,2018-03-14,32.2565792,-101.6901816,12145.0,Deep,NEPTUNE SWD 1
104869,84370,22734698,3500.0,6100.0,20000.0,1996-02-29,32.42793298,-101.60647558,9430.0,Deep,NORET-JONES 1D
104885,117639,38936739,5000.0,6962.0,20000.0,2019-01-19,31.128746,-103.52361,7073.0,Shallow,CWEI-CHK 298-13 3D
104985,118204,31742073,11300.0,13000.0,50000.0,2019-04-19,32.2906738,-101.86294411,12832.0,Deep,CORFU SWD 1
105121,101188,13536756,5150.0,5550.0,10000.0,2009-10-29,32.00345855,-102.3075091,5625.0,Shallow,WHITTENBURG 2200SW
105821,110031,22736614,3300.0,6620.0,15000.0,2014-05-14,32.38249987,-101.6720027,10450.0,Deep,NICHOLS 17 1
107060,118813,31742092,10950.0,12396.0,30000.0,2019-07-05,32.289557,-101.768801,12552.0,Deep,TYRION SWD 04SD
107294,116253,22740310,7800.0,13000.0,50000.0,2018-04-30,32.4337281,-101.3649085,10534.0,Deep,HULL SWD 1
107325,115959,31741128,4100.0,6100.0,25000.0,2018-01-24,32.24782166,-101.93049824,6516.0,Shallow,EPLEY 2 1D
108111,113218,32940225,13120.0,13900.0,20000.0,2015-12-08,32.083022,-102.17099,13610.0,Deep,NORTHWEST MIDLAND SWD 1WD
108128,101066,22733062,10100.0,10167.0,3000.0,2009-08-12,32.17796738,-101.57757928,10253.0,Deep,"WALDRON, S. 7W"
108345,109487,30132092,4650.0,6350.0,20000.0,2014-02-24,31.82313007,-103.55507729,6545.0,Shallow,DIMMIT 28 2D
109280,116147,32942084,11820.0,13808.0,25000.0,2018-03-19,31.9286419,-101.9883962,13642.0,Deep,"CASSIDY B"""" 2DD"
109481,116812,15132566,3270.0,3470.0,20000.0,2018-09-25,32.7326545,-100.6467525,4250.0,Deep,COCHRAN A 1WD
111318,117373,32938725,4590.0,6350.0,15000.0,2018-12-02,31.8761625,-102.179809,11250.0,Deep,"SCHARBAUER, C. 'A' 3311W"
124736,125924,11533911,4375.0,7525.0,40000.0,2023-05-26,32.538702,-101.944504,,Shallow,BOKAR 34 SWD 1
124745,125886,17338946,2249.0,3395.0,20000.0,2023-05-05,32.050994,-101.474028,3365.0,Shallow,TRAXTON TURTLE 2D
125554,1,2100648,5000.0,10000.0,50.0,1972-07-05,31.5547718,-101.6558636,2375.0,Shallow,RIDDLE 1
120419,119940,31735205,4100.0,5200.0,25000.0,2019-12-11,32.24500514,-102.08450177,10250.0,Deep,"SCHARBAUER B"""" 17R"
121223,109756,38934097,3300.0,5000.0,20000.0,2014-04-01,31.5303784,-103.95067457,5130.0,Shallow,BURRITO SWD 1D
121288,124499,15133088,6780.0,7130.0,20000.0,2020-12-08,32.83498037,-100.55312785,7250.0,Deep,DJ 130 1WD
122610,124651,31743409,12275.0,13900.0,20000.0,2021-03-26,32.421598,-102.119824,13131.0,Deep,BREEDLOVE URSA 2D
123094,102300,32936971,4000.0,6000.0,15000.0,2010-11-23,31.95742572,-102.26083898,6000.0,Shallow,HOLIFIELD 1
123109,102543,31731498,3396.0,3900.0,7000.0,2011-03-07,32.21925941,-101.74486341,4000.0,Shallow,3033 SWD 1
123378,104256,343237,4700.0,5300.0,15000.0,2011-11-15,32.31358941,-102.24580468,6000.0,Shallow,MABEE 2
123479,105168,32938156,4830.0,5930.0,8000.0,2012-05-16,32.02631486,-102.19485394,5992.0,Shallow,PECAN ACRES 23 1D
123646,124848,38939633,3075.0,6500.0,20000.0,2021-09-01,31.738732,-103.931074,6450.0,Shallow,CREOLE SWD 1
123660,124899,31744504,3800.0,7000.0,20000.0,2021-10-04,32.3225522,-101.9027293,6615.0,Shallow,YELLOWSTONE SWD 1
123828,124906,22741332,9450.0,10350.0,20000.0,2021-10-12,32.360803,-101.365115,10450.0,Deep,FRYAR 3S 2XD
123879,124948,10933771,2220.0,5310.0,40000.0,2021-11-04,31.900962,-104.149382,4454.0,Shallow,NEEDLES 39 SWD 3
124111,125186,32945530,,,20000.0,2022-04-08,32.04020519,-102.25007755,6000.0,Shallow,CASSELMAN8 2D
124197,125272,22741344,,,20000.0,2022-05-26,32.150522,-101.649776,4300.0,Shallow,QUINN 20 1D
124263,125338,22741776,,,20000.0,2022-06-28,32.16023,-101.629951,4260.0,Shallow,QUINN 21 4D
124314,125389,22741780,,,10000.0,2022-07-29,32.305964,-101.690381,4150.0,Shallow,EVES NEEDLE 1D
124430,125505,10933847,,,35300.0,2022-09-27,31.846611,-104.081394,3799.0,Shallow,HAY EVELYNN DMG SWD 1
124431,125506,10933844,,,35200.0,2022-09-27,31.847907,-104.093604,4620.0,Shallow,HAY EVELYNN DMG SWD 2
124479,125554,31745125,,,20000.0,2022-10-19,32.2690149,-102.0258998,6490.0,Shallow,SUNFLOWER SWD 2D
124732,125281,22742166,9100.0,10100.0,30000.0,2022-06-02,32.421754,-101.312384,9925.0,Deep,EAST 350 SWD 1
124733,12607,3332638,7300.0,8100.0,20000.0,2023-07-31,32.52644,-101.275081,,,SHAFER SWD 1
111338,117544,31741365,11777.0,13200.0,50000.0,2018-12-31,32.3743028,-101.9648944,13148.0,Deep,PEELER D1
111806,117568,22739689,10871.0,11380.0,60000.0,2018-12-31,32.41634685,-101.64276387,11380.0,Deep,HULKSTER SWD 1
111972,112302,22738508,3280.0,3960.0,15000.0,2015-04-01,32.31460551,-101.60538945,4060.0,Shallow,OVATION GUITAR SWD 1D
112355,122261,31745101,4099.0,5175.0,20000.0,2020-04-08,32.42678929,-101.9356809,5175.0,Shallow,JENSEN SWD 1
112391,115188,22739079,10513.0,11510.0,25000.0,2017-05-10,32.23143495,-101.59309991,11707.0,Deep,WALTERS SWD 1
112457,112750,15132739,4316.0,5977.0,8000.0,2015-08-18,32.71959265,-100.57788539,7024.0,Deep,DALE CAVE 4R
112538,113831,22739185,5350.0,9600.0,25000.0,2016-05-17,32.4607253,-101.62842141,9540.0,Deep,CHAMPAGNES SWD 1
113057,115781,38936368,5000.0,6962.0,20000.0,2017-11-14,31.329634,-103.414913,7098.0,Shallow,KING FISHER SWD NE 1
114195,117553,38938011,4350.0,5300.0,20000.0,2019-01-03,31.407991,-103.614897,6783.0,Shallow,GOOSE SWD 1
114744,92676,46103352,4275.0,5000.0,25000.0,2002-12-11,31.2735777,-101.8355119,5500.0,Shallow,UNIVERSITY SWD U2 1
115131,114780,22738945,10380.0,12000.0,20000.0,2017-01-03,32.4070438,-101.5990983,12241.0,Deep,KNOTT SWD 2
115132,114783,22738833,8900.0,12500.0,25000.0,2017-01-04,32.3879203,-101.5309781,11100.0,Deep,GARRETT-SNELL UNIT B 36-25 1D
115698,116241,32942282,4564.0,5764.0,25000.0,2018-04-25,32.06950558,-102.04459584,5730.0,Shallow,ALEX 17 1D
115750,115647,31741032,3840.0,5700.0,30000.0,2017-09-20,32.19244824,-101.77042358,5700.0,Shallow,WISHBONE 431D
115866,108021,31737576,4750.0,6100.0,10000.0,2013-08-27,32.09217645,-102.1318683,11418.0,Deep,SOUTH CURTIS RANCH 404
116318,116193,38935887,3144.0,5488.0,30000.0,2018-04-18,31.7239878,-103.9348797,5668.0,Shallow,APC 57-3-14 1D
116568,116798,31741891,10500.0,13000.0,20000.0,2018-09-25,32.397183,-101.717739,12000.0,Deep,7H SWD 1
117035,117356,32933809,4390.0,6160.0,15000.0,2018-12-02,31.8826266,-102.1193041,12180.0,Deep,SCHARBAUER JR 12SW
117117,117559,32930970,4500.0,5530.0,30000.0,2019-01-06,31.8337374,-101.9987689,11400.0,Deep,"BRADFORD, A. A. NCT-2 1"
117235,117640,38936740,5000.0,6962.0,20000.0,2019-01-19,31.137118,-103.548134,7079.0,Shallow,CWEI-CHK 22-52-8 3D
117285,112276,30130197,5000.0,8600.0,25000.0,2015-03-26,31.65140549,-103.42108941,20195.0,Deep,KEITH CAMP SWD 1
117572,117818,31741009,4300.0,6200.0,25000.0,2019-01-23,32.2410111,-102.0205889,6210.0,Shallow,CHANDLER SWD 1
118274,118823,15133124,7000.0,7298.0,24500.0,2019-07-07,32.7709831,-100.64732056,7450.0,Deep,EMILY SWD 1D
119025,74865,31730471,4050.0,5160.0,1000.0,1975-05-09,32.2038173,-101.8466972,11126.0,Deep,"GRISHAM, J. R. & GREEMAN, J. M. 2"
119624,118816,31742099,12000.0,14500.0,30000.0,2019-07-03,32.49027257,-102.13927841,13788.0,Deep,BIG SIPPER 1D
119776,117000,38936585,4820.0,6960.0,10000.0,2018-10-14,31.232292,-103.566414,7092.0,Shallow,RIFLEMAN 2D
120227,114611,31740569,13402.0,15000.0,10000.0,2016-11-28,32.1899963,-102.1875748,15000.0,Deep,MABEE SWD 3
120561,120326,31742672,10600.0,11950.0,50000.0,2020-01-10,32.32257294,-101.71919977,12238.0,Deep,WILKINSON RANCH 35 5D
120794,119931,10933539,14841.0,15930.0,100000.0,2019-12-16,31.974366,-104.06308,15930.0,Deep,HAY LANDON 9 SWD 1
121296,101020,15132086,4340.0,4520.0,1500.0,2009-08-17,32.71965834,-100.58415003,4600.0,Deep,"CAVE, DALE 2"
121298,115019,22739120,10400.0,11400.0,35000.0,2017-03-20,32.29065,-101.533019,11486.0,Deep,LONG SWD 1
122033,111129,13543189,12800.0,14500.0,24000.0,2014-11-01,31.97545555,-102.3580457,14457.0,Deep,RATLIFF A 3004SW
123836,124923,22741433,7800.0,13000.0,35000.0,2021-10-15,32.43268,-101.338715,10320.0,Deep,STURM SWD 1
123889,124979,31743664,4575.0,5650.0,20000.0,2021-11-30,32.15137947,-102.19933625,5649.0,Shallow,HOOVER 1D
123920,125103,32945376,4936.0,6150.0,20000.0,2022-02-10,31.99472259,-102.1952715,6114.0,Shallow,DYSON 2D
124037,125153,32945375,4869.0,6160.0,20000.0,2022-03-10,31.97387038,-102.19644921,6155.0,Shallow,HMW 4D
124222,125297,31744567,,,20000.0,2022-06-13,32.350654,-101.7154507,5100.0,Shallow,HUGHES 44 SWD 2D
124321,125396,31744267,,,10000.0,2022-08-01,32.317197,-101.709125,4190.0,Shallow,QUEEN OF THE NIGHT 1D
124438,125513,32933902,,,20000.0,2022-10-03,31.744364,-101.935863,9500.0,Deep,MIDLAND 'AR' FEE 16
124439,125514,32933899,,,20000.0,2022-10-03,31.741905,-101.931021,9500.0,Deep,MIDLAND 'AR' FEE 13
124656,125731,22742045,,,30000.0,2023-01-27,32.188526,-101.396113,4595.0,Shallow,ABYSS SWD 1
124738,125926,11533913,4405.0,6900.0,40000.0,2023-05-26,32.5468972,-101.9455457,6525.0,Shallow,SPLIT 27 SWD 1
124739,125986,31745384,4350.0,5700.0,20000.0,2023-06-15,32.36145343,-102.1206251,5700.0,Shallow,CAPRI SWD 2
124741,126215,11533939,4280.0,5685.0,30000.0,2023-10-13,32.5460717,-101.9790506,5785.0,Shallow,PULA 29 SWD 1
